StockCode,Description
10002,INFLATABLE POLITICAL GLOBE 
10080,GROOVY CACTUS INFLATABLE
10120,DOGGY RUBBER
10124A,SPOTS ON RED BOOKCOVER TAPE
10125,MINI FUNKY DESIGN TAPES
15030,FAN BLACK FRAME 
15044A,PINK PAPER PARASOL 
15044B,BLUE PAPER PARASOL 
15044C,PURPLE PAPER PARASOL
15044D,RED PAPER PARASOL
15058A,BLUE POLKADOT GARDEN PARASOL
15058B,PINK POLKADOT GARDEN PARASOL
15058C,ICE CREAM DESIGN GARDEN PARASOL
16008,SMALL FOLDING SCISSOR(POINTED EDGE)
16011,ANIMAL STICKERS
16012,FOOD/DRINK SPONGE STICKERS
16014,SMALL CHINESE STYLE SCISSOR
16015,MEDIUM CHINESE STYLE SCISSOR
16016,LARGE CHINESE STYLE SCISSOR
16020C,CLEAR STATIONERY BOX SET 
16045,POPART WOODEN PENCILS ASST
16046,TEATIME PEN CASE & PENS
16048,TEATIME ROUND PENCIL SHARPENER 
16049,TEATIME GEL PENS ASST
16052,TEATIME PUSH DOWN RUBBER
16054,POPART RECT PENCIL SHARPENER ASST
16156L,WRAP CAROUSEL
16161G,WRAP BAD HAIR DAY
16162L,THE KING GIFT BAG
16162M,THE KING GIFT BAG 25x24x12cm
16168M,FUNKY MONKEY GIFT BAG MEDIUM
16169K,WRAP FOLK ART
16169M,WRAP DAISY CARPET 
16207A,PINK STRAWBERRY HANDBAG 
16207B,PINK HEART RED HANDBAG
16216,LETTER SHAPE PENCIL SHARPENER
16218,CARTOON  PENCIL SHARPENERS
16219,HOUSE SHAPE PENCIL SHARPENER
16248B,BLUE HOLE PUNCH
16254,TRANSPARENT ACRYLIC TAPE DISPENSER
16258A,SWIRLY CIRCULAR RUBBERS IN BAG
16259,PIECE OF CAMO STATIONERY SET
17011F,ORIGAMI SANDLEWOOD INCENSE+FLOWER
17012A,ORIGAMI VANILLA INCENSE/CANDLE SET 
17012B,ORIGAMI JASMINE INCENSE/CANDLE SET
17012C,ORIGAMI LAVENDER INCENSE/CANDL SET 
17012D,ORIGAMI ROSE INCENSE/CANDLE SET 
17012E,ORIGAMI OPIUM INCENSE/CANDLE SET 
17012F,ORIGAMI SANDLEWOOD INCENSE/CAND SET
17013D,ORIGAMI ROSE INCENSE IN TUBE
17014A,ORIGAMI VANILLA INCENSE CONES
17021,NAMASTE SWAGAT INCENSE
17038,PORCELAIN BUDAH INCENSE HOLDER
17084A,TRANQUILITY MASALA INCENSE
17084J,LOVE POTION MASALA INCENSE
17084P,DRAGONS BLOOD INCENSE
17084R,ASSORTED INCENSE PACK
17090A,LAVENDER INCENSE 40 CONES IN TIN
17090D,VANILLA INCENSE 40 CONES IN TIN
17091A,LAVENDER INCENSE IN TIN
17091J,VANILLA INCENSE IN TIN
17096,ASSORTED LAQUERED INCENSE HOLDERS
17107D,FLOWER FAIRY 5 DRAWER LINERS
17109D,FLOWER FAIRY INCENSE BOUQUET
17129F,BLUE GLASS GEMS IN BAG
17136A,BLUE STONES ON WIRE FOR CANDLE
17164B,ASS COL SMALL SAND GECKO P'WEIGHT
17165D,ASS COL LARGE SAND FROG P'WEIGHT
18007,ESSENTIAL BALM 3.5g TIN IN ENVELOPE
18094C,WHITE AND BLUE CERAMIC OIL BURNER
18097C,WHITE TALL PORCELAIN T-LIGHT HOLDER
18098C,PORCELAIN BUTTERFLY OIL BURNER
18098c,PORCELAIN BUTTERFLY OIL BURNER
20615,BLUE POLKADOT PASSPORT COVER
20616,CHERRY BLOSSOM PASSPORT COVER
20617,FIRST CLASS PASSPORT COVER 
20618,QUEEN OF THE SKIES PASSPORT COVER 
20619,TROPICAL PASSPORT COVER 
20622,VIP PASSPORT COVER 
20652,BLUE POLKADOT LUGGAGE TAG 
20653,CHERRY BLOSSOM LUGGAGE TAG
20654,FIRST CLASS LUGGAGE TAG 
20655,QUEEN OF SKIES LUGGAGE TAG
20657,TROPICAL LUGGAGE TAG
20658,RED RETROSPOT LUGGAGE TAG
20659,ECONOMY LUGGAGE TAG
20661,BLUE POLKADOT PURSE 
20662,FIRST CLASS HOLIDAY PURSE 
20663,QUEEN OF THE SKIES HOLIDAY PURSE 
20664,TROPICAL HOLIDAY PURSE 
20666,ECONOMY HOLIDAY PURSE
20667,CHERRY BLOSSOM PURSE
20669,RED HEART LUGGAGE TAG
20670,VIP HOLIDAY PURSE
20681,PINK POLKADOT CHILDRENS UMBRELLA
20684,STRAWBERRY DREAM CHILDS UMBRELLA
20686,DOLLY MIXTURE CHILDREN'S UMBRELLA
20694,FLORAL PINK MONSTER
20696,FLORAL SOFT CAR TOY
20697,LITTLE GREEN MONSTER SOFT TOY
20698,LITTLE PINK MONSTER SOFT TOY
20699,MOUSEY LONG LEGS SOFT TOY
20700,GREEN CAT FLORAL CUSHION COVER 
20701,PINK CAT FLORAL CUSHION COVER 
20702,PINK PADDED MOBILE
20704,MR ROBOT SOFT TOY
20705,MRS ROBOT SOFT TOY
20716,PARTY FOOD SHOPPER BAG
20731,POSY CANDY BAG
20734,SILVER MINI TAPE MEASURE 
20748,KENSINGTON COFFEE SET
20755,BLUE PAISLEY POCKET BOOK
20756,GREEN FERN POCKET BOOK
20757,RED DAISY POCKET BOOK 
20758,ABSTRACT CIRCLES POCKET BOOK
20759,CHRYSANTHEMUM POCKET BOOK 
20760,GARDEN PATH POCKET BOOK
20761,BLUE PAISLEY SKETCHBOOK
20762,GREEN FERN SKETCHBOOK 
20763,DAISY SKETCHBOOK 
20764,ABSTRACT CIRCLES SKETCHBOOK 
20765,CHRYSANTHEMUM SKETCHBOOK 
20766,GARDEN PATH SKETCHBOOK
20767,BLUE PAISLEY JOURNAL 
20768,GREEN FERN JOURNAL 
20769,DAISY JOURNAL 
20770,ABSTRACT CIRCLE JOURNAL 
20771,CHRYSANTHEMUM  JOURNAL
20772,GARDEN PATH JOURNAL
20773,BLUE PAISLEY NOTEBOOK
20774,GREEN FERN NOTEBOOK
20775,DAISY NOTEBOOK 
20777,CHRYSANTHEMUM NOTEBOOK
20778,GARDEN PATH NOTEBOOK 
20780,BLACK EAR MUFF HEADPHONES
20781,GOLD EAR MUFF HEADPHONES
20782,CAMOUFLAGE EAR MUFF HEADPHONES
20785,FUSCHIA RETRO BAR STOOL
20793,BLUE TILED TRAY
20794,BLUE  TILE HOOK
20795,LARGE BLUE PROVENCAL CERAMIC BALL
20796,SMALL BLUE PROVENCAL CERAMIC BALL
20798,CLEAR MILKSHAKE GLASS
20801,LARGE PINK GLASS SUNDAE DISH
20802,SMALL GLASS SUNDAE DISH CLEAR
20803,SMALL PINK GLASS SUNDAE DISH
20818,GOLD TEDDY BEAR
20819,SILVER TEDDY BEAR
20821,GOLDIE LOOKING MIRROR
20823,GOLD WINE GOBLET
20826,SILVER APERITIF GLASS
20830,SILVER PHOTO FRAME
20831,GOLD PHOTO FRAME
20832,RED FLOCK LOVE HEART PHOTO FRAME
20835,FRENCH LATTICE CUSHION COVER 
20836,FRENCH PAISLEY CUSHION COVER
20837,FRENCH FLORAL CUSHION COVER 
20838,FRENCH LATTICE CUSHION COVER 
20840,FRENCH FLORAL CUSHION COVER 
20845,ZINC HEART LATTICE 2 WALL PLANTER
20846,ZINC HEART LATTICE T-LIGHT HOLDER
20847,ZINC HEART LATTICE CHARGER LARGE
20848,ZINC HEART LATTICE CHARGER SMALL
20851,ZINC HEART LATTICE TRAY OVAL 
20854,BLUE PATCH PURSE PINK HEART
20856,DENIM PATCH PURSE PINK BUTTERFLY
20857,BLUE ROSE PATCH PURSE PINK BUTTERFL
20866,BLUE ROSE FABRIC MIRROR
20867,PINK ROSE FABRIC MIRROR
20868,SILVER FABRIC MIRROR
20869,GOLD FABRIC MIRROR
20878,SET/9 CHRISTMAS T-LIGHTS SCENTED 
20893,HANGING BAUBLE T-LIGHT HOLDER SMALL
20894,HANGING BAUBLE T-LIGHT HOLDER LARGE
20897,VINTAGE NOTEBOOK PARIS DAYS
20898,VINTAGE NOTEBOOK TRAVELOGUE
20901,VINTAGE KEEPSAKE BOX PINK FLOWER
20902,VINTAGE KEEPSAKE BOX PARIS DAYS
20903,VINTAGE KEEPSAKE BOX TRAVELOGUE
20931,BLUE POT PLANT CANDLE 
20932,PINK POT PLANT CANDLE
20933,YELLOW POT PLANT CANDLE
20934,SET/3 POT PLANT CANDLES
20936,FORKED CACTUS CANDLE
20941,FROG CANDLE
20960,WATERMELON BATH SPONGE
20966,SANDWICH BATH SPONGE
20967,GREY FLORAL FELTCRAFT SHOULDER BAG
20980,36 PENCILS TUBE POSY
20997,ROSE DU SUD CUSHION COVER 
20998,ROSE DU SUD OVEN GLOVE
21000,ROSE DU SUD COSMETICS BAG
21001,ROSE DU SUD WASHBAG 
21002,ROSE DU SUD DRAWSTRING BAG
21003,ROSE DU SUD CUSHION COVER
21018,BIRD BOX CHRISTMAS TREE DECORATION
21025,SPACE FROG
21026,SPACE OWL
21027,NINJA RABBIT PINK
21028,NINJA RABBIT BLACK
21030,SPACE CADET RED
21031,SPACE CADET BLACK
21032,SPACE CADET WHITE
21038,SET/4 MODERN VINTAGE COTTON NAPKINS
21039,RED RETROSPOT SHOPPING BAG
21040,MODERN VINTAGE COTTON SHOPPING BAG
21043,APRON MODERN VINTAGE COTTON
21051,RIBBONS PURSE 
21054,NURSE'S BAG SOFT TOY
21055,TOOL BOX SOFT TOY 
21056,DOCTOR'S BAG SOFT TOY
21059,PARTY INVITES DINOSAURS
21060,PARTY INVITES BALLOON GIRL
21061,PARTY INVITES FOOTBALL
21062,PARTY INVITES SPACEMAN
21063,PARTY INVITES JAZZ HEARTS
21065,BOOM BOX SPEAKER GIRLS
21066,VINTAGE RED MUG
21067,VINTAGE RED TEATIME MUG
21069,VINTAGE BILLBOARD TEA MUG
21082,SET/20 FRUIT SALAD PAPER NAPKINS 
21087,SET/6 POSIES PAPER CUPS
21088,SET/6 FRUIT SALAD PAPER CUPS
21089,SET/6 GREEN SPRING PAPER CUPS
21095,SET/6 POSIES PAPER PLATES
21096,SET/6 FRUIT SALAD  PAPER PLATES
21100,CHARLIE AND LOLA CHARLOTTE BAG
21106,CREAM SLICE FLANNEL CHOCOLATE SPOT 
21107,CREAM SLICE FLANNEL PINK SPOT 
21109,"LARGE CAKE TOWEL, CHOCOLATE SPOTS"
21111,"SWISS ROLL TOWEL, CHOCOLATE  SPOTS"
21112,SWISS ROLL TOWEL PINK  SPOTS
21117,BLOND DOLL DOORSTOP
21125,SET 6 FOOTBALL CELEBRATION CANDLES
21128,GOLD FISHING GNOME
21129,SILVER FISHING GNOME 
21131,GOLD STANDING GNOME
21132,SILVER STANDING GNOME   
21143,ANTIQUE GLASS HEART DECORATION 
21145,ANTIQUE GLASS PLACE SETTING
21147,JINGLE BELLS TREE DECORATION
21157,RED RETROSPOT WASHBAG
21161,KEEP OUT BOYS DOOR HANGER 
21167,WHITE SAGE INCENSE
21171,BATHROOM METAL SIGN 
21175,GIN AND TONIC DIET METAL SIGN
21187,WHITE BELL HONEYCOMB PAPER GARLAND 
21188,3D HEARTS  HONEYCOMB PAPER GARLAND
21189,WHITE HONEYCOMB PAPER GARLAND 
21190,PINK HEARTS PAPER GARLAND
21191,LARGE WHITE HONEYCOMB PAPER BELL  
21192,WHITE BELL HONEYCOMB PAPER 
21194,PINK  HONEYCOMB PAPER FAN
21195,PINK  HONEYCOMB PAPER BALL 
21196,ROUND WHITE CONFETTI IN TUBE
21197,MULTICOLOUR  CONFETTI IN TUBE
21198,WHITE HEART CONFETTI IN TUBE
21199,PINK  HEART CONFETTI IN TUBE
21200,MULTICOLOUR HONEYCOMB PAPER GARLAND
21202,DOLLY HONEYCOMB GARLAND
21204,DAISIES  HONEYCOMB GARLAND 
21205,MULTICOLOUR 3D BALLS GARLAND
21208,PASTEL COLOUR HONEYCOMB FAN
21209,MULTICOLOUR HONEYCOMB FAN
21211,SET OF 72 SKULL PAPER  DOILIES
21219,SET/4 BADGES BALLOON GIRL
21220,SET/4 BADGES DOGS
21221,SET/4 BADGES CUTE CREATURES
21222,SET/4 BADGES BEETLES
21226,POCKET MIRROR WOODLAND
21243,PINK POLKADOT PLATE 
21246,RED RETROSPOT BIG BOWL
21248,DOOR HANGER  MUM + DADS ROOM
21249,WOODLAND  HEIGHT CHART STICKERS 
21250,SET OF SKULL WALL STICKERS
21251,DINOSAUR HEIGHT CHART STICKER SET
21253,SET OF PICTURE FRAME  STICKERS
21261,GREEN GOOSE FEATHER CHRISTMAS TREE 
21262,WHITE GOOSE FEATHER CHRISTMAS TREE 
21263,GREEN GOOSE FEATHER TREE 60CM
21264,WHITE GOOSE FEATHER TREE 60CM 
21265,PINK GOOSE FEATHER TREE 60CM
21269,ANTIQUE CREAM CUTLERY SHELF 
21270,ANTIQUE CREAM CUTLERY CUPBOARD
21275,ZINC TOP  2 DOOR WOODEN SHELF 
21277,FRENCH STYLE EMBOSSED HEART CABINET
21278,VINTAGE KITCHEN PRINT PUDDINGS
21279,VINTAGE KITCHEN PRINT FRUITS
21280,VINTAGE KITCHEN PRINT VEGETABLES
21281,VINTAGE KITCHEN PRINT SEAFOOD
21284,RETROSPOT CANDLE  SMALL
21285,RETROSPOT CANDLE  MEDIUM
21286,RETROSPOT CANDLE  LARGE
21287,SCENTED VELVET LOUNGE CANDLE 
21289,LARGE STRIPES CHOCOLATE GIFT BAG
21291,SMALL POLKADOT CHOCOLATE GIFT BAG 
21292,SMALL STRIPES CHOCOLATE GIFT BAG 
21293,MIRRORED DOVE WALL DECORATION
21294,ETCHED GLASS COASTER
21306,SET/4 DAISY MIRROR MAGNETS
21307,SET/4 BUTTERFLY MIRROR MAGNETS
21311,SET/4 BIRD MIRROR MAGNETS 
21316,SMALL CHUNKY GLASS ROMAN  BOWL
21317,GLASS SPHERE CANDLE STAND MEDIUM
21318,GLASS CHALICE BLUE SMALL 
21319,GLASS CHALICE GREEN  SMALL 
21320,GLASS CHALICE GREEN  LARGE 
21324,HANGING MEDINA LANTERN SMALL
21331,MOROCCAN BEATEN METAL DISH LARGE
21332,MOROCCAN BEATEN METAL MIRROR
21333,CLASSIC WHITE FRAME
21336,GOLD WASHBAG
21344,MOROCCAN BEATEN METAL DISH
21348,PINK SPOTS CHOCOLATE NESTING BOXES 
21349,IVY HEART WREATH
21351,CINAMMON & ORANGE WREATH
21352,EUCALYPTUS & PINECONE  WREATH
21354,TOAST ITS - BEST MUM
21357,TOAST ITS - DINOSAUR
21359,RELAX LARGE WOOD LETTERS
21360,JOY LARGE WOOD LETTERS
21361,LOVE LARGE WOOD LETTERS 
21364,PEACE SMALL WOOD LETTERS
21365,MIRRORED WALL ART STARS
21366,MIRRORED WALL ART PHOTO FRAMES
21367,MIRRORED WALL ART GENTS
21368,MIRRORED WALL ART LADIES
21369,MIRRORED WALL ART SPLODGES
21370,MIRRORED WALL ART FOXY
21371,MIRRORED WALL ART POPPIES
21372,MIRRORED WALL ART TABLE LAMP
21373,MIRRORED WALL ART SNOWFLAKES
21374,MIRRORED WALL ART SKULLS
21375,LARGE CAMPHOR WOOD FIELD MUSHROOM 
21376,LARGE  TALL CAMPHOR WOOD TOADSTOOL 
21377,SMALL CAMPHOR WOOD FIELD  MUSHROOM
21378,SMALL TALL CAMPHOR WOOD TOADSTOOL
21379,CAMPHOR WOOD PORTOBELLO MUSHROOM
21386,IVORY HANGING DECORATION  EGG
21392,RED POLKADOT PUDDING BOWL
21393,BLUE POLKADOT PUDDING BOWL
21395,BLUE POLKADOT BEAKER 
21397,BLUE POLKADOT EGG CUP 
21398,RED POLKADOT COFFEE  MUG
21399,BLUE POLKADOT COFFEE MUG
21400,RED PUDDING SPOON
21401,BLUE PUDDING SPOON
21402,RED  EGG  SPOON
21403,BLUE EGG  SPOON
21413,PERIWINKLE T-LIGHT HOLDER
21415,CLAM SHELL SMALL 
21417,COCKLE SHELL DISH
21418,STARFISH SOAP DISH
21420,OYSTER TRINKET BOX
21421,PORCELAIN ROSE LARGE 
21422,PORCELAIN ROSE SMALL
21424,WOODLAND STORAGE BOX LARGE 
21425,SKULLS STORAGE BOX LARGE
21426,WOODLAND STORAGE BOX SMALL
21427,SKULLS STORAGE BOX SMALL
21441,BLUE BIRDHOUSE DECORATION
21442,GREEN BIRDHOUSE DECORATION
21445,12 PINK ROSE PEG PLACE SETTINGS
21448,12 DAISY PEGS IN WOOD BOX
21456,2 PICTURE BOOK EGGS EASTER CHICKS
21457,2 PICTURE BOOK EGGS EASTER DUCKS
21458,2 PICTURE BOOK EGGS EASTER BUNNY
21459,YELLOW EASTER EGG HUNT START POST
21460,GREEN EASTER EGG HUNT START POST
21461,BLUE EASTER EGG HUNT START POST
21462,"NURSERY A,B,C PAINTED LETTERS"
21465,PINK FLOWER CROCHET FOOD COVER
21467,CHERRY CROCHET FOOD COVER
21468,BUTTERFLY CROCHET FOOD COVER
21469,POLKA DOT RAFFIA FOOD COVER
21472,LADYBIRD + BEE RAFFIA FOOD COVER
21473,SWEETHEART CREAM STEEL TABLE RECT
21476,STEEL SWEETHEART ROUND TABLE CREAM
21486,PINK HEART DOTS HOT WATER BOTTLE
21488,RED WHITE SCARF  HOT WATER BOTTLE
21503,TOYBOX  WRAP 
21507,ELEPHANT BIRTHDAY CARD 
21518,BANK ACCOUNT  GREETING  CARD 
21520,BOOZE & WOMEN GREETING CARD 
21537,RED RETROSPOT PUDDING BOWL
21547,CERAMIC BIRDHOUSE CRESTED TIT SMALL
21555,CERAMIC STRAWBERRY TRINKET TRAY
21562,HAWAIIAN GRASS SKIRT 
21576,LETS GO SHOPPING COTTON TOTE BAG
21578,WOODLAND DESIGN  COTTON TOTE BAG
21579,LOLITA  DESIGN  COTTON TOTE BAG
21580,RABBIT  DESIGN  COTTON TOTE BAG
21581,SKULLS  DESIGN  COTTON TOTE BAG
21586,KINGS CHOICE GIANT TUBE MATCHES
21587,COSY HOUR GIANT TUBE MATCHES
21609,SET 12 LAVENDER  BOTANICAL T-LIGHTS
21613,S/12 VANILLA  BOTANICAL T-LIGHTS
21614,SET OF 12 ROSE BOTANICAL T-LIGHTS
21618,4 WILDFLOWER BOTANICAL CANDLES
21624,VINTAGE UNION JACK DOORSTOP
21627,ELEPHANT CARNIVAL POUFFE
21628,TRIANGULAR POUFFE VINTAGE 
21629,SQUARE FLOOR CUSHION VINTAGE RED
21630,FLOOR CUSHION ELEPHANT CARNIVAL
21631,HIPPY CHIC DECORATIVE PARASOL
21632,VINTAGE PINK DECORATIVE PARASOL
21633,SUNFLOWER DECORATIVE PARASOL
21634,ASSORTED MINI MADRAS NOTEBOOK
21635,MADRAS NOTEBOOK LARGE 
21636,MADRAS NOTEBOOK MEDIUM
21637,ASSORTED SANSKRIT MINI NOTEBOOK
21638,ASSORTED TUTTI FRUTTI NOTEBOOK
21640,ASSORTED TUTTI FRUTTI  FOB NOTEBOOK
21641,ASSORTED TUTTI FRUTTI KEYRING BALL
21643,ASSORTED TUTTI FRUTTI MIRROR
21644,ASSORTED TUTTI FRUTTI HEART BOX
21647,ASSORTED TUTTI FRUTTI LARGE PURSE
21648,ASSORTED TUTTI FRUTTI SMALL PURSE
21651,HANGING GLASS ETCHED TEALIGHT
21654,RIDGED GLASS FINGER BOWL
21655,HANGING RIDGE GLASS T-LIGHT HOLDER
21656,RIDGED GLASS POSY VASE 
21657,MILK BOTTLE WITH GLASS STOPPER 
21662,VINTAGE GLASS COFFEE CADDY
21664,RIDGED GLASS STORAGE JAR CREAM LID
21666,RIDGED GLASS T-LIGHT HOLDER
21676,FLOWERS  STICKERS
21678,PAISLEY PATTERN  STICKERS
21680,WOODLAND  STICKERS
21682,LARGE MEDINA STAMPED METAL BOWL 
21683,MEDIUM MEDINA STAMPED METAL BOWL 
21684,SMALL MEDINA STAMPED METAL BOWL 
21686,MEDINA STAMPED METAL STOOL
21688,SILVER PLATE CANDLE BOWL SMALL
21689,SILVER VANILLA  FLOWER CANDLE POT
21690,SILVER  CANDLEPOT JARDIN 
21692,SILVER LATTICE VANILLA CANDLE POT
21693,SMALL HAMMERED SILVER CANDLEPOT 
21694,SMALL REGAL  SILVER CANDLEPOT 
21695,SMALL SILVER FLOWER CANDLE POT
21696,SMALL SILVER TRELLIS CANDLEPOT
21698,MOCK LOBSTER FRIDGE MAGNET
21707,FOLDING UMBRELLA BLACKBLUE POLKADOT
21708,FOLDING UMBRELLA CREAM POLKADOT
21709,FOLDING UMBRELLA CHOCOLATE POLKADOT
21710,FOLDING UMBRELLA PINKWHITE POLKADOT
21711,FOLDING UMBRELLA WHITE/RED POLKADOT
21717,EASTER TIN BUCKET
21719,LOVELY BONBON STICKER SHEET
21720,CAKE SHOP  STICKER SHEET
21721,CANDY SHOP  STICKER SHEET
21722,SWEET PUDDING STICKER SHEET
21723,ALPHABET HEARTS STICKER SHEET
21724,PANDA AND BUNNIES STICKER SHEET
21725,SWEETIES  STICKERS
21726,MULTI HEARTS  STICKERS
21735,TWO DOOR CURIO CABINET
21736,GOLD SCROLL GLASS T-LIGHT HOLDER
21738,COSY SLIPPER SHOES SMALL  RED 
21741,COSY SLIPPER SHOES LARGE GREEN
21742,LARGE ROUND WICKER PLATTER 
21743,STAR PORTABLE TABLE LIGHT 
21747,SMALL SKULL WINDMILL
21750,LARGE SKULL WINDMILL
21758,VINTAGE SHELLS PRINT
21761,WOOD AND GLASS MEDICINE CABINET
21777,RECIPE BOX WITH METAL HEART
21784,SHOE SHINE BOX 
21785,RAIN PONCHO 
21788,KIDS RAIN MAC BLUE
21789,KIDS RAIN MAC PINK
21792,CLASSIC FRENCH STYLE BASKET GREEN 
21793,CLASSIC FRENCH STYLE BASKET BROWN
21804,WHITE CHRISTMAS GARLAND STARS TREES
21807,WHITE CHRISTMAS STAR DECORATION
21808,"CHRISTMAS GARLAND STARS,TREES"
21811,CHRISTMAS HANGING HEART WITH BELL
21814,HEART T-LIGHT HOLDER 
21815,STAR  T-LIGHT HOLDER 
21816,CHRISTMAS TREE T-LIGHT HOLDER
21817,GLITTER CHRISTMAS TREE
21818,GLITTER CHRISTMAS HEART 
21820,GLITTER HEART GARLAND WITH BELLS 
21821,GLITTER STAR GARLAND WITH BELLS 
21826,EIGHT PIECE DINOSAUR SET
21828,EIGHT PIECE SNAKE  SET
21841,BABY MOUSE RED GINGHAM DRESS
21845,DAIRY MAID STRIPE MUG
21847,GREEN  DIAMANTE PEN IN GIFT BOX
21849,SILVER DIAMANTE PEN IN GIFT BOX
21850,BLUE  DIAMANTE PEN IN GIFT BOX
21851,LILAC DIAMANTE PEN IN GIFT BOX
21879,HEARTS GIFT TAPE
21881,CUTE CATS TAPE
21882,SKULLS TAPE
21883,STARS GIFT TAPE 
21884,CAKES AND BOWS GIFT  TAPE
21898,POTTING SHED ROSE CANDLE
21904,HOUSE WRECKING METAL SIGN 
21910,WAY OUT METAL SIGN 
21911,GARDEN METAL SIGN 
21925,UNION STRIPE CUSHION COVER 
21926,RED/CREAM STRIPE CUSHION COVER 
21943,CAKES AND RABBITS DESIGN FLANNEL 
21944,KITTENS DESIGN FLANNEL
21946,PARTY TIME DESIGN FLANNEL
21972,SET OF 36 DINOSAUR PAPER DOILIES
21973,SET OF 36 MUSHROOM PAPER DOILIES
22021,BLUE FELT EASTER EGG BASKET
22031,BOTANICAL LAVENDER BIRTHDAY CARD
22032,BOTANICAL LILY GREETING CARD
22033,BOTANICAL ROSE GREETING CARD
22038,BOTANICAL LAVENDER GIFT WRAP 
22039,BOTANICAL LILY GIFT WRAP
22040,BOTANICAL ROSE GIFT WRAP
22042,CHRISTMAS CARD SINGING ANGEL
22043,CHRISTMAS CARD SCREEN PRINT 
22044,CHRISTMAS CARD STACK OF PRESENTS
22046,TEA PARTY  WRAPPING PAPER 
22048,BIRTHDAY BANQUET GIFT WRAP
22049,WRAP CHRISTMAS SCREEN PRINT
22050,PINK PAISLEY ROSE GIFT WRAP
22051,BLUE SCANDINAVIAN PAISLEY WRAP
22052,VINTAGE CARAVAN GIFT WRAP
22053,EMPIRE DESIGN ROSETTE
22057,CERAMIC PLATE STRAWBERRY DESIGN
22060,LARGE CAKE STAND HANGING HEARTS
22062,CERAMIC BOWL WITH LOVE HEART DESIGN
22067,CHOC TRUFFLE GOLD TRINKET POT 
22071,SMALL WHITE RETROSPOT MUG IN BOX 
22073,RED RETROSPOT STORAGE JAR
22085,PAPER CHAIN KIT SKULLS 
22092,BLUE PAISLEY TISSUE BOX
22100,SKULLS SQUARE TISSUE BOX
22101,MIRROR MOSAIC VOTIVE HOLDER
22102,MIRROR MOSAIC T-LIGHT HOLDER 
22103,MIRROR MOSAIC T-LIGHT HOLDER ROUND
22104,MIRROR MOSAIC CANDLE PLATE
22105,MIRROR MOSAIC GOBLET CANDLE HOLDER
22106,MIRROR MOSAIC HURRICANE LAMP 
22108,PING! MICROWAVE PLATE
22117,METAL SIGN HER DINNER IS SERVED 
22118,JOY WOODEN BLOCK LETTERS
22124,SET OF 2 TEA TOWELS PING MICROWAVE
22127,PARTY CONES CARNIVAL ASSORTED
22128,PARTY CONES CANDY ASSORTED
22129,PARTY CONES CANDY DECORATION
22134,LADLE LOVE HEART RED 
22135,LADLE LOVE HEART PINK
22136,LOVE HEART SOCK HANGER
22137,BATHROOM SET LOVE HEART DESIGN
22157,ANGEL DECORATION WITH LACE PADDED
22162,HEART GARLAND RUSTIC PADDED
22164,STRING OF STARS CARD HOLDER
22166,WALL MIRROR RECTANGLE DIAMANTE PINK
22168,ORGANISER WOOD ANTIQUE WHITE 
22176,BLUE OWL SOFT TOY
22181,SNOWSTORM PHOTO FRAME FRIDGE MAGNET
22184,CAKE STAND VICTORIAN FILIGREE LARGE
22194,BLACK DINER WALL CLOCK
22198,LARGE POPCORN HOLDER 
22201,FRYING PAN BLUE POLKADOT
22202,MILK PAN PINK POLKADOT
22204,MILK PAN BLUE POLKADOT
22206,"MUG , DOTCOMGIFTSHOP.COM "
22214,CANDLE PLATE LACE WHITE
22215,CAKE STAND WHITE TWO TIER LACE
22216,T-LIGHT HOLDER WHITE LACE
22217,T-LIGHT HOLDER HANGING LACE
22220,CAKE STAND LOVEBIRD 2 TIER WHITE
22221,CAKE STAND LOVEBIRD 2 TIER PINK
22223,CAKE PLATE LOVEBIRD PINK
22229,BUNNY WOODEN PAINTED WITH FLOWER 
22232,JIGSAW TOADSTOOLS 3 PIECE
22236,CAKE STAND 3 TIER MAGIC GARDEN
22242,5 HOOK HANGER MAGIC TOADSTOOL
22243,5 HOOK HANGER RED MAGIC TOADSTOOL
22245,"HOOK, 1 HANGER ,MAGIC GARDEN"
22246,MAGIC GARDEN FELT GARLAND 
22252,BIRDCAGE DECORATION TEALIGHT HOLDER
22254,FELT TOADSTOOL LARGE
22255,FELT TOADSTOOL  SMALL
22256,FELT FARM ANIMAL CHICKEN
22257,FELT FARM ANIMAL SHEEP
22258,FELT FARM ANIMAL RABBIT
22259,FELT FARM ANIMAL HEN
22263,FELT EGG COSY LADYBIRD 
22264,FELT FARM ANIMAL WHITE BUNNY 
22265,EASTER DECORATION NATURAL CHICK
22266,EASTER DECORATION HANGING BUNNY
22267,EASTER DECORATION EGG BUNNY 
22270,HAPPY EASTER HANGING DECORATION
22272,FELTCRAFT DOLL MARIA
22276,WASH BAG VINTAGE ROSE PAISLEY
22277,COSMETIC BAG VINTAGE ROSE PAISLEY
22280,POCKET BAG PINK PAISELY BROWN SPOT
22281,EASTER TREE YELLOW BIRDS
22282,12 EGG HOUSE PAINTED WOOD
22285,"DECORATION HEN ON NEST, HANGING"
22287,DECORATION WOBBLY CHICKEN
22288,HANGING METAL RABBIT DECORATION
22289,HANGING METAL CHICKEN DECORATION
22299,PIG KEYRING WITH LIGHT & SOUND 
22304,COFFEE MUG BLUE PAISLEY DESIGN
22305,COFFEE MUG PINK PAISLEY DESIGN
22307,GOLD MUG BONE CHINA TREE OF LIFE
22313,OFFICE MUG WARMER PINK
22316,200 BENDY SKULL STRAWS
22317,FIVE CATS HANGING DECORATION
22319,HAIRCLIPS FORTIES FABRIC ASSORTED
22320,BIRDS MOBILE VINTAGE DESIGN
22324,BLUE POLKADOT KIDS BAG
22325,MOBILE VINTAGE HEARTS 
22334,DINOSAUR PARTY BAG + STICKER SET
22336,DOVE DECORATION PAINTED ZINC 
22337,ANGEL DECORATION PAINTED ZINC 
22339,CHRISTMAS TREE PAINTED ZINC 
22341,LOVE GARLAND PAINTED ZINC 
22343,PARTY PIZZA DISH RED RETROSPOT
22344,PARTY PIZZA DISH PINK POLKADOT
22345,PARTY PIZZA DISH BLUE POLKADOT
22346,PARTY PIZZA DISH GREEN POLKADOT
22353,LUNCH BOX WITH CUTLERY FAIRY CAKES 
22354,RETROSPOT PADDED SEAT CUSHION
22359,GLASS JAR KINGS CHOICE
22363,GLASS JAR MARMALADE 
22389,PAPERWEIGHT SAVE THE PLANET
22390,PAPERWEIGHT CHILDHOOD MEMORIES
22391,PAPERWEIGHT HOME SWEET HOME
22393,PAPERWEIGHT VINTAGE COLLAGE
22394,PAPERWEIGHT KINGS CHOICE 
22395,PAPERWEIGHT VINTAGE PAISLEY
22399,MAGNETS PACK OF 4 CHILDHOOD MEMORY
22405,MONEY BOX POCKET MONEY DESIGN
22406,MONEY BOX KINGS CHOICE DESIGN
22407,MONEY BOX FIRST AID DESIGN
22408,MONEY BOX CONFECTIONERY DESIGN
22409,MONEY BOX BISCUITS DESIGN
22410,MONEY BOX HOUSEKEEPING DESIGN
22414,DOORMAT NEIGHBOURHOOD WITCH 
22415,WHITE TISSUE REAM
22416,SET OF 36 SPACEBOY PAPER DOILIES
22438,BALLOON ART MAKE YOUR OWN FLOWERS
22442,GROW YOUR OWN FLOWERS SET OF 3
22443,GROW YOUR OWN HERBS SET OF 3
22444,GROW YOUR OWN PLANT IN A CAN 
22447,PIN CUSHION BABUSHKA BLUE
22448,PIN CUSHION BABUSHKA RED
22450,SILK PURSE BABUSHKA BLUE
22451,SILK PURSE BABUSHKA RED
22453,MEASURING TAPE BABUSHKA BLUE
22454,MEASURING TAPE BABUSHKA RED
22458,CAST IRON HOOK GARDEN FORK
22459,CAST IRON HOOK GARDEN TROWEL
22461,SAVOY ART DECO CLOCK
22466,FAIRY TALE COTTAGE NIGHTLIGHT
22471,TV DINNER TRAY AIR HOSTESS 
22472,TV DINNER TRAY DOLLY GIRL
22479,DAISY GARDEN MARKER
22480,RED TEA TOWEL CLASSIC DESIGN
22482,BLUE TEA TOWEL CLASSIC DESIGN
22486,PLASMATRONIC LAMP
22495,SET OF 2 ROUND TINS CAMEMBERT 
22496,SET OF 2 ROUND TINS DUTCH CHEESE
22497,SET OF 2 TINS VINTAGE BATHROOM 
22500,SET OF 2 TINS JARDIN DE PROVENCE
22503,CABIN BAG VINTAGE PAISLEY
22504,CABIN BAG VINTAGE RETROSPOT
22509,SEWING BOX RETROSPOT DESIGN 
22510,GINGHAM BABUSHKA DOORSTOP
22511,RETROSPOT BABUSHKA DOORSTOP
22512,DOORSTOP RACING CAR DESIGN
22513,DOORSTOP FOOTBALL DESIGN
22514,CHILDS GARDEN SPADE BLUE
22515,CHILDS GARDEN SPADE PINK
22516,CHILDS GARDEN RAKE BLUE
22517,CHILDS GARDEN RAKE PINK
22518,CHILDS GARDEN BRUSH BLUE
22519,CHILDS GARDEN BRUSH PINK
22524,CHILDRENS GARDEN GLOVES BLUE
22525,CHILDRENS GARDEN GLOVES PINK
22526,WHEELBARROW FOR CHILDREN 
22529,MAGIC DRAWING SLATE GO TO THE FAIR 
22532,MAGIC DRAWING SLATE LEAP FROG 
22533,MAGIC DRAWING SLATE BAKE A CAKE 
22538,MINI JIGSAW GO TO THE FAIR
22540,MINI JIGSAW CIRCUS PARADE 
22541,MINI JIGSAW LEAP FROG
22543,MINI JIGSAW BAKE A CAKE 
22545,MINI JIGSAW BUNNIES
22546,MINI JIGSAW PURDEY
22547,MINI JIGSAW DINOSAUR 
22559,SEASIDE FLYING DISC
22575,METAL MERRY CHRISTMAS WREATH
22582,PACK OF 6 SWEETIE GIFT BOXES
22584,PACK OF 6 PANETTONE GIFT BOXES
22589,CARDHOLDER GINGHAM STAR
22591,CARDHOLDER GINGHAM CHRISTMAS TREE
22595,CHRISTMAS GINGHAM HEART
22597,CHRISTMAS MUSICAL ZINC HEART 
22598,CHRISTMAS MUSICAL ZINC TREE
22602,CHRISTMAS RETROSPOT HEART WOOD
22611,VINTAGE UNION JACK SHOPPING BAG
22615,PACK OF 12 CIRCUS PARADE TISSUES 
22618,COOKING SET RETROSPOT
22632,HAND WARMER RED POLKA DOT
22638,SET OF 4 NAPKIN CHARMS CROWNS 
22640,SET OF 4 NAPKIN CHARMS 3 KEYS 
22641,SET OF 4 NAPKIN CHARMS INSTRUMENT
22642,SET OF 4 NAPKIN CHARMS STARS   
22643,SET OF 4 NAPKIN CHARMS LEAVES   
22647,CERAMIC LOVE HEART MONEY BANK
22655,VINTAGE RED KITCHEN CABINET
22656,VINTAGE BLUE KITCHEN CABINET
22660,DOORMAT I LOVE LONDON
22687,DOORMAT CHRISTMAS VILLAGE
22688,DOORMAT PEACE ON EARTH BLUE
22700,BLACK AND WHITE DOG BOWL
22702,BLACK AND WHITE CAT BOWL
22705,WRAP GREEN PEARS 
22706,WRAP COWBOYS  
22707,WRAP MONSTER FUN 
22708,WRAP DOLLY GIRL
22709,WRAP WEDDING DAY
22710,WRAP I LOVE LONDON 
22711,WRAP CIRCUS PARADE
22742,MAKE YOUR OWN PLAYTIME CARD KIT
22760,"TRAY, BREAKFAST IN BED"
22761,CHEST 7 DRAWER MA CAMPAGNE
22765,NEWSPAPER STAND
22769,CHALKBOARD KITCHEN ORGANISER
22770,MIRROR CORNICE
22777,GLASS CLOCHE LARGE
22782,SET 3 WICKER STORAGE BASKETS 
22783,SET 3 WICKER OVAL BASKETS W LIDS
22785,SQUARECUSHION COVER PINK UNION JACK
22786,CUSHION COVER PINK UNION JACK
22788,BROCANTE COAT RACK
22797,CHEST OF DRAWERS GINGHAM HEART 
22799,SWEETHEART WIRE FRUIT BOWL
22802,FAUX FUR CHOCOLATE THROW
22803,IVORY EMBROIDERED QUILT 
22804,PINK HANGING HEART T-LIGHT HOLDER
22806,SET OF 6 T-LIGHTS WEDDING CAKE 
22808,SET OF 6 T-LIGHTS EASTER CHICKS
22812,PACK 3 BOXES CHRISTMAS PANETTONE
22813,PACK 3 BOXES BIRD PANETTONE 
22820,GIFT BAG BIRTHDAY
22823,CHEST NATURAL WOOD 20 DRAWERS
22824,3 TIER SWEETHEART GARDEN SHELF
22825,DECORATIVE PLANT POT WITH FRIEZE
22826,LOVE SEAT ANTIQUE WHITE METAL
22827,RUSTIC  SEVENTEEN DRAWER SIDEBOARD
22828,REGENCY MIRROR WITH SHUTTERS
22830,UTILTY CABINET WITH HOOKS
22832,BROCANTE SHELF WITH HOOKS
22833,HALL CABINET WITH 3 DRAWERS
22856,ASSORTED EASTER DECORATIONS  BELLS
22857,ASSORTED EASTER GIFT TAGS
22861,EASTER TIN CHICKS IN GARDEN
22862,LOVE HEART NAPKIN BOX 
22863,SOAP DISH BROCANTE
22868,NUMBER TILE COTTAGE GARDEN 0 
22869,NUMBER TILE COTTAGE GARDEN 1
22870,NUMBER TILE COTTAGE GARDEN 2
22871,NUMBER TILE COTTAGE GARDEN 3 
22872,NUMBER TILE COTTAGE GARDEN 4
22873,NUMBER TILE COTTAGE GARDEN 5
22874,NUMBER TILE COTTAGE GARDEN 6
22875,NUMBER TILE COTTAGE GARDEN 7
22876,NUMBER TILE COTTAGE GARDEN 8
22877,NUMBER TILE COTTAGE GARDEN 9
22878,NUMBER TILE COTTAGE GARDEN No
22879,NUMBER TILE VINTAGE FONT 0
22880,NUMBER TILE VINTAGE FONT 1
22881,NUMBER TILE VINTAGE FONT 2
22882,NUMBER TILE VINTAGE FONT 3
22883,NUMBER TILE VINTAGE FONT 4
22884,NUMBER TILE VINTAGE FONT 5
22885,NUMBER TILE VINTAGE FONT 6 
22886,NUMBER TILE VINTAGE FONT 7
22887,NUMBER TILE VINTAGE FONT 8
22888,NUMBER TILE VINTAGE FONT 9 
22889,NUMBER TILE VINTAGE FONT No 
22894,TABLECLOTH RED APPLES DESIGN 
22903,CALENDAR FAMILY FAVOURITES
22911,PAPER CHAIN KIT LONDON
22912,YELLOW COAT RACK PARIS FASHION
22913,RED COAT RACK PARIS FASHION
22922,FRIDGE MAGNETS US DINER ASSORTED
22923,FRIDGE MAGNETS LES ENFANTS ASSORTED
22924,FRIDGE MAGNETS LA VIE EN ROSE
22929,SCHOOL DESK AND CHAIR 
22932,BAKING MOULD TOFFEE CUP CHOCOLATE
22934,BAKING MOULD EASTER EGG WHITE CHOC
22935,BAKING MOULD ROSE MILK CHOCOLATE
22936,BAKING MOULD ROSE WHITE CHOCOLATE
22949,SET OF 36 DOLLY GIRL PAPER DOILIES
22950,SET OF 36 VINTAGE CHRISTMAS DOILIES
22953,BIRTHDAY PARTY CORDON BARRIER TAPE
22954,HEN PARTY CORDON BARRIER TAPE
22985,WRAP BILLBOARD FONTS DESIGN
22987,WRAP SUMMER ROSE DESIGN
23003,TRAVEL CARD WALLET VINTAGE ROSE 
23008,DOLLY GIRL BABY GIFT SET
23009,I LOVE LONDON BABY GIFT SET
23010,CIRCUS PARADE BABY GIFT SET
23015,CORDIAL GLASS JUG
23016,GLASS TWIST BON BON JAR
23017,APOTHECARY MEASURING JAR
23018,LARGE APOTHECARY MEASURING JAR 
23019,SMALL APOTHECARY MEASURING JAR 
23020,GLASS  SONGBIRD STORAGE JAR
23021,GLASS BONNE JAM JAR
23022,SMALL BONNE JAM JAR  T-LIGHT HOLDER
23023,RIDGED BONNE JAM JAR T-LIGHT HOLDER
23024,LARGE BONNE JAM JAR  T-LIGHT HOLDER
23025,DRAWER KNOB VINTAGE GLASS BALL
23026,DRAWER KNOB VINTAGE GLASS STAR
23027,DRAWER KNOB VINTAGE GLASS HEXAGON
23033,DRAWER KNOB CERAMIC RED
23034,DRAWER KNOB CERAMIC BLACK
23036,T-LIGHT HOLDER SILVER PETIT FOUR 
23037,CANDLE HOLDER SILVER MADELINE
23038,T-LIGHT HOLDER SILVER SAUCER
23039,T-LIGHT HOLDER SILVER HEART HANDLE
23040,PAPER LANTERN 9 POINT SNOW STAR 
23041,PAPER LANTERN 9 POINT SNOW STAR
23042,PAPER LANTERN 7 POINT SNOW STAR
23043,PAPER LANTERN 9 POINT HOLLY STAR L
23044,PAPER LANTERN 9 POINT HOLLY STAR S
23045,PAPER LANTERN 5 POINT STAR MOON 
23046,PAPER LANTERN 9 POINT DELUXE STAR
23047,PAPER LANTERN 5 POINT SEQUIN STAR
23055,IVORY CHANDELIER T-LIGHT HOLDER
23056,FLOWERS CHANDELIER T-LIGHT HOLDER
23057,BEADED CHANDELIER T-LIGHT HOLDER
23058,CHRISTMAS HANGING SNOWFLAKE
23060,HEART BEADED TRELLIS DECORATION
23064,CINDERELLA CHANDELIER 
23065,LARGE DECO JEWELLERY STAND
23066,SMALL DECO JEWELLERY STAND
23067,HANGING ENGRAVED METAL HEART
23068,ALUMINIUM HEART
23069,EDWARDIAN PHOTO FRAME
23070,EDWARDIAN HEART PHOTO FRAME
23071,MARIE ANTOINETTE TRINKET BOX GOLD
23072,MARIE ANTOINETTE TRINKET BOX SILVER
23073,GEORGIAN TRINKET BOX
23074,EMBOSSED HEART TRINKET BOX
23075,PARLOUR CERAMIC WALL HOOK
23079,TOADSTOOL BEDSIDE LIGHT 
23085,ANTIQUE SILVER BAUBLE LAMP  
23086,ZINC  STAR T-LIGHT HOLDER 
23087,ZINC  HEART T-LIGHT HOLDER
23088,ZINC HEART FLOWER T-LIGHT HOLDER
23091,METAL HERB GERDEN CONTAINER
23094,LE GRAND TRAY CHIC SET
23099,FRENCH CARRIAGE LANTERN
23103,BELL HEART DECORATION
23104,IVORY CAFE HANGING LAMP 
23106,ZINC HEARTS PLANT POT HOLDER
23107,WHITE HEARTS WIRE PLANT POT HOLDER
23109,LED TEA LIGHTS
23113,PANTRY CHOPPING BOARD
23114,VINTAGE LEAF CHOPPING BOARD  
23115,RED APPLES CHOPPING BOARD   
23116,VEGETABLE GARDEN CHOPPING BOARD
23117,POPPY FIELDS CHOPPING BOARD
23123,COCKTAIL SWORDS 50 PIECES
23124,18PC WOODEN CUTLERY SET DISPOSABLE
23125,6PC WOOD PLATE SET DISPOSABLE
23126,DOLLCRAFT GIRL AMELIE
23127,DOLLCRAFT GIRL NICOLE
23128,DOLLCRAFT BOY JEAN-PAUL 
23134,LARGE ZINC HEART WALL ORGANISER
23135,SMALL ZINC HEART WALL ORGANISER
23136,IVORY WIRE SWEETHEART LETTER TRAY
23137,ZINC WIRE SWEETHEART LETTER TRAY
23138,SINGLE WIRE HOOK IVORY HEART
23139,SINGLE WIRE HOOK PINK HEART
23140,TRIPLE WIRE HOOK IVORY HEART
23141,TRIPLE WIRE HOOK PINK HEART
23142,IVORY WIRE KITCHEN ORGANISER
23143,ZINC WIRE KITCHEN ORGANISER
23149,ANTIQUE IVORY WIRE BOWL SMALL
23150,IVORY SWEETHEART SOAP DISH
23151,ZINC SWEETHEART SOAP DISH
23153,ZINC SWEETHEART WIRE LETTER RACK
23160,REGENCY TEA SPOON
23161,REGENCY CAKE FORK
23164,REGENCY CAKE SLICE
23168,CLASSIC SUGAR DISPENSER
23169,CLASSIC GLASS SWEET JAR
23178,JAM CLOCK MAGNET
23179,CLOCK MAGNET MUM'S KITCHEN
23180,MUM'S KITCHEN CLOCK
23181,BULL DOG BOTTLE TOP WALL CLOCK
23183,MOTHER'S KITCHEN SPOON REST 
23185,FRENCH STYLE STORAGE JAR JAM
23186,FRENCH STYLE STORAGE JAR CAFE 
23187,FRENCH STYLE STORAGE JAR BONBONS
23191,BUNDLE OF 3 RETRO EXERCISE BOOKS
23194,GYMKHANNA TREASURE BOOK BOX
23196,RETRO LEAVES MAGNETIC NOTEPAD
23203,JUMBO BAG VINTAGE DOILEY 
23205,CHARLOTTE BAG ALPHABET  DESIGN
23209,LUNCH BAG VINTAGE DOILEY 
23216,LAUREL HEART ANTIQUE GOLD
23217,LAUREL HEART ANTIQUE SILVER
23218,LAUREL STAR ANTIQUE GOLD
23219,LAUREL STAR ANTIQUE SILVER 
23222,CHRISTMAS TREE HANGING GOLD
23223,CHRISTMAS TREE HANGING SILVER 
23224,CHERUB HEART DECORATION GOLD
23225,CHERUB HEART DECORATION SILVER 
23226,FILIGREE HEART DAISY WHITE
23231,WRAP  VINTAGE DOILY 
23232,WRAP VINTAGE PETALS  DESIGN
23235,STORAGE TIN VINTAGE LEAF
23237,SET OF 4 KNICK KNACK TINS LEAVES 
23244,ROUND STORAGE TIN VINTAGE LEAF
23249,VINTAGE RED ENAMEL TRIM PLATE
23250,VINTAGE RED TRIM ENAMEL BOWL 
23253,16 PIECE CUTLERY SET PANTRY DESIGN
23254,KIDS CUTLERY DOLLY GIRL 
23255,CHILDRENS CUTLERY CIRCUS PARADE
23256,KIDS CUTLERY SPACEBOY 
23267,SET OF 4 SANTA PLACE SETTINGS
23268,SET OF 2 CERAMIC CHRISTMAS REINDEER
23269,SET OF 2 CERAMIC CHRISTMAS TREES
23271,CHRISTMAS TABLE SILVER CANDLE SPIKE
23272,TREE T-LIGHT HOLDER WILLIE WINKIE
23281,FOLDING BUTTERFLY MIRROR RED  
23283,DOORMAT VINTAGE LEAVES DESIGN 
23298,"BUNTING , SPOTTY "
23304,SET 4 PICNIC CUTLERY CHERRY 
23305,SET 4 PICNIC CUTLERY BLUEBERRY
23306,SET OF 36 PANTRY PAPER DOILIES
23315,IVORY REFECTORY CLOCK
23316,RED REFECTORY CLOCK 
23317,BLUE REFECTORY CLOCK 
23324,RUSTIC STRAWBERRY JAM POT LARGE 
23325,RUSTIC STRAWBERRY JAM POT SMALL
23326,HANGING MINI COLOURED BOTTLES
23327,HANGING CLEAR MINI BOTTLE
23335,EGG FRYING PAN IVORY 
23336,EGG FRYING PAN PINK 
23337,EGG FRYING PAN MINT 
23339,EGG FRYING PAN BLUE 
23347,I LOVE LONDON BEAKER
23357,HOT WATER BOTTLE SEX BOMB
23358,HOT STUFF HOT WATER BOTTLE
23359,SET OF 12 T-LIGHTS VINTAGE DOILY
23360,SET 8 CANDLES VINTAGE DOILEY
23373,VINTAGE CHRISTMAS PAPER GIFT BAG
23375,50'S CHRISTMAS PAPER GIFT BAG
23379,PACK OF 12 RED APPLE TISSUES
23381,PACK OF 12 VINTAGE LEAF TISSUES 
23391, I LOVE LONDON MINI BACKPACK
23392,SPACEBOY ROCKET LOLLY MAKERS
23396,LA JARDIN BOTANIQUE CUSHION COVER
23398,HANGING HEART BONHEUR
23401,RUSTIC MIRROR WITH LACE HEART
23402,HOME SWEET HOME 3 PEG HANGER 
23405,HOME SWEET HOME 2 DRAWER CABINET
23408,PHOTO FRAME LINEN AND LACE SMALL
23409,PHOTO FRAME LINEN AND LACE LARGE
23410,CURIO CABINET LINEN AND LACE 
23411, TRELLIS COAT RACK
23412,HEART MIRROR ANTIQUE WHITE
23413,DECORATIVE VINTAGE COFFEE  BOX
23414,ZINC BOX SIGN HOME
23415,HOME SWEET HOME HOOK
23416,CHAMBRE HOOK
23417,BATHROOM HOOK
23418,LAVENDER TOILETTE BOTTLE
23419,HOME SWEET HOME BOTTLE 
23420,PANTRY HOOK TEA STRAINER 
23421,PANTRY HOOK SPATULA
23422,PANTRY HOOK BALLOON WHISK 
23423,PANTRY 3 HOOK ROLLING PIN HANGER
23425,STORAGE TIN HOME SWEET HOME
23428,IVORY RETRO KITCHEN WALL CLOCK
23429,RED RETRO KITCHEN WALL CLOCK
23430,BLUE RETRO KITCHEN WALL CLOCK
23431,NATURAL HANGING QUILTED HEARTS 
23432,PRETTY HANGING QUILTED HEARTS
23433,HANGING QUILTED PATCHWORK APPLES
23435,3 RAFFIA RIBBONS VINTAGE CHRISTMAS
23436,GIFT BAG LARGE VINTAGE CHRISTMAS
23442,12 HANGING EGGS HAND PAINTED
23444,Next Day Carriage
23445,ICE CREAM BUBBLES
23451,SQUARE MINI PORTRAIT FRAME
23452,HEART MINI PORTRAIT FRAME
23453,OVAL  MINI PORTRAIT FRAME
23454,THREE MINI HANGING FRAMES
23455,SMALL PARLOUR PICTURE FRAME
23456,MEDIUM PARLOUR PICTURE FRAME 
23457,LARGE PARLOUR PICTURE FRAME
23458,DOLLY CABINET 3 DRAWERS 
23459,DOLLY CABINET 2 DRAWERS 
23460,SWEETHEART WALL TIDY 
23462,ROCOCO WALL MIRROR WHITE
23463,VINTAGE ZINC WATERING CAN
23464,VINTAGE ZINC WATERING CAN SMALL
23465,TUSCAN VILLA BIRD FEEDER
23466,TUSCAN VILLA DOVECOTE BIRD FEEDER
23467,VINTAGE ZINC PLANTER  
23468,TUSCAN VILLA BIRD TABLE 
23469,CARD HOLDER LOVE BIRD SMALL
23470,CARD HOLDER LOVE BIRD LARGE 
23471,SIX DRAWER OFFICE TIDY
23472, NINE DRAWER OFFICE TIDY
23473,WOODLAND SMALL RED FELT HEART
23474,WOODLAND SMALL BLUE FELT HEART
23475,WOODLAND SMALL PINK FELT HEART
23476,WOODLAND LARGE RED FELT HEART
23477,WOODLAND LARGE BLUE FELT HEART
23478,WOODLAND LARGE PINK FELT HEART
23479,WIRE EGG BASKET 
23481,PEARLISED IVORY HEART SMALL 
23482,PEARLISED IVORY HEART LARGE 
23483,HANGING  BUTTERFLY T-LIGHT HOLDER
23484,HEART TRELLIS TRIPLE T-LIGHT HOLDER
23485,BOTANICAL GARDENS WALL CLOCK 
23486,ANTIQUE HEART SHELF UNIT
23487,SWEET HEART CAKE CARRIER
23489,"GARLAND, VINTAGE BELLS"
23490,T-LIGHT HOLDER HANGING LOVE BIRD
23491,VINTAGE JINGLE BELLS HEART
23492,VINTAGE JINGLE BELLS WREATH
23495,SET OF 3 PANTRY WOODEN SPOONS
23496,PANTRY KITCHEN THERMOMETER 
23502,PLAYING CARDS VINTAGE DOILY 
23509,MINI PLAYING CARDS FUN FAIR 
23511,EMBROIDERED RIBBON REEL EMILY 
23512,EMBROIDERED RIBBON REEL ROSIE
23513,EMBROIDERED RIBBON REEL SUSIE 
23514,EMBROIDERED RIBBON REEL SALLY 
23515,EMBROIDERED RIBBON REEL DAISY 
23516,EMBROIDERED RIBBON REEL SOPHIE  
23517,EMBROIDERED RIBBON REEL REBECCA 
23518,EMBROIDERED RIBBON REEL RACHEL 
23519,EMBROIDERED RIBBON REEL CLAIRE
23520,EMBROIDERED RIBBON REEL RUBY 
23521,WALL ART CAT AND BIRD 
23522,WALL ART DOG AND BALL 
23523,WALL ART TREASURE AHOY 
23524,WALL ART HORSE & PONY 
23525,WALL ART BUFFALO BILL 
23526,DOG LICENCE WALL ART
23527,WALL ART ANIMALS AND NATURE 
23528,WALL ART SPACEBOY
23529,WALL ART DOLLY GIRL 
23530,WALL ART ONLY ONE PERSON 
23532,WALL ART WORK REST AND PLAY  
23533,WALL ART GARDEN HAVEN 
23534,STOP FOR TEA WALL ART
23535,BICYCLE SAFTEY WALL ART
23536,WALL ART VILLAGE SHOW 
23537,WALL ART I LOVE LONDON 
23538,WALL ART VINTAGE HEART
23539,WALL ART LOVES' SECRET 
23540,WALL ART THE MAGIC FOREST 
23542,WALL ART 70'S ALPHABET 
23544,WALL ART MID CENTURY MODERN 
23545,WRAP RED VINTAGE DOILY
23547,WRAP FLOWER SHOP  
23548,WRAP MAGIC FOREST 
23549,WRAP BIRD GARDEN 
23550,WRAP ALPHABET POSTER  
23553,LANDMARK FRAME CAMDEN TOWN 
23554,LANDMARK FRAME OXFORD STREET
23555,LANDMARK FRAME NOTTING HILL 
23556,LANDMARK FRAME COVENT GARDEN 
23557,LANDMARK FRAME BAKER STREET 
23558,LANDMARK FRAME LONDON BRIDGE 
23560,SET OF 6 RIBBONS COUNTRY STYLE
23561,SET OF 6 RIBBONS PARTY
23562,SET OF 6 RIBBONS PERFECTLY PRETTY  
23564,EGG CUP MILKMAID INGRID
23565,EGG CUP MILKMAID HELGA 
23566,EGG CUP MILKMAID HEIDI
23567,EGG CUP HENRIETTA HEN PINK
23568,EGG CUP HENRIETTA HEN CREAM 
23574,PACKING CHARGE
23575,SNACK TRAY PAISLEY PARK
23576,SNACK TRAY RED VINTAGE DOILY
23578,SNACK TRAY RED GINGHAM
23579,SNACK TRAY I LOVE LONDON
23580,SNACK TRAY HAPPY FOREST  
23597,PAPER BUNTING PAISLEY PARK
23598,PAPER BUNTING VINTAGE PARTY
23603,SET 10 CARD KRAFT REINDEER 17084
23607,SET 10 CARDS HATS & STOCKINGS 17081
23611,SET 10 CARDS RED RIDING HOOD 17214
23613,SET 10 XMAS CARDS & BADGES 17070
23614,SET 10 CARDS 12 DAYS WRAP  17058
23616,SET 10 CARDS JINGLE BELLS 17217
23620,SET 10 CARDS PERFECT POST 17090
23623,SET 10 CARD CHRISTMAS WELCOME 17112
23626,SET 10 CARDS DINKY TREE 17076
23629,SET 10 CARDS DRESSING UP 17077
23632,SET 10 CARDS CHEERFUL ROBIN 17065
23634,SET 10 CARDS XMAS CHOIR 17068
23636,SET 10 CARDS WISHING TREE 17116
23637,SET 10 CARDS OUT OF ORDER 17216
23640,SET 10 CARDS SCOTTIE DOG 17211
23644,SET 10 CARDS CHRISTMAS TREE 16955
23646,SET 10 CARDS JINGLE BELLS 16957
23660,HENRIETTA HEN MUG 
23661,MILK MAIDS MUG 
23691,WRAP KEEP CALM BIRTHDAY
23694,PAISLEY PARK CARD
23695,DOILY THANK YOU CARD
23697,A PRETTY THANK YOU CARD
35001G,HAND OPEN SHAPE GOLD
35001W,HAND OPEN SHAPE DECO.WHITE
35004C,SET OF 3 COLOURED  FLYING DUCKS
35004G,SET OF 3 GOLD FLYING DUCKS
35095A,BLUE VICTORIAN FABRIC OVAL BOX
35095B,RED VICTORIAN FABRIC OVAL BOX
35241,ENAMEL BLUE RIM BISCUIT BIN
35265,COLOURFUL FLOWER FRUIT BOWL
35400,WOODEN BOX ADVENT CALENDAR 
35443,RASTA IN BATH W SPLIFF ASHTRAY
35598B,BLACK CHRISTMAS TREE 60CM
35598D,PINK/WHITE CHRISTMAS TREE 60CM
35599B,BLACK CHRISTMAS TREE 120CM
35599D,PINK AND WHITE CHRISTMAS TREE 120CM
35607B,BLACK FEATHER CHRISTMAS DECORATION
35637A,IVORY STRING CURTAIN WITH POLE 
35637C,PINK STRING CURTAIN WITH POLE
35638A,PINK AND BLACK STRING CURTAIN
35638B,PINK/BLUE STRING CURTAIN 
35646,VINTAGE BEAD PINK EVENING BAG
35649,VINTAGE BEAD COSMETIC BAG 
35651,VINTAGE BEAD PINK SCARF 
35653,VINTAGE BEAD NOTEBOOK
35809A,ENAMEL PINK TEA CONTAINER
35809a,ENAMEL PINK TEA CONTAINER
35810A,ENAMEL PINK COFFEE CONTAINER
35810B,ENAMEL BLUE RIM COFFEE CONTAINER
35818P,"ACRYLIC JEWEL ICICLE, PINK"
35819B,"ACRYLIC HANGING JEWEL,BLUE"
35819P,"ACRYLIC HANGING JEWEL,PINK"
35833P,4 PINK FLOCK CHRISTMAS BALLS
35911A,MULTICOLOUR RABBIT EGG WARMER
35911B,PINK/FLOWER RABBIT EGG WARMER 
35912B,WHITE/PINK CHICK DECORATION
35913B,WHITE/PINK CHICK EASTER DECORATION
35914,PINK CHICK EGG WARMER + EGG CUP
35915B,BLUE KNITTED HEN 
35915C,PEACH KNITTED HEN 
35916A,YELLOW FELT HANGING HEART W FLOWER
35916B,BLUE FELT HANGING HEART WITH FLOWER
35916C,PINK FELT HANGING HEART W FLOWER
35920,FOUR RABBIT EASTER DECORATIONS
35921,EASTER BUNNY HANGING GARLAND
35922,EASTER BUNNY WREATH
35923,CANDY HEART HANGING DECORATION
35924,HANGING FAIRY CAKE DECORATION
35933,PINK STOCKING CHRISTMAS DECORATION
35954,SMALL FOLKART STAR CHRISTMAS DEC
35957,SMALLFOLKART BAUBLE CHRISTMAS DEC
35965,FOLKART HEART NAPKIN RINGS
35967,FOLK ART METAL STAR T-LIGHT HOLDER
35968,FOLK ART METAL HEART T-LIGHT HOLDER
35971,ROSE FOLKART HEART DECORATIONS
35972,DAISY FOLKART HEART DECORATION
37327,ASSTD MULTICOLOUR CIRCLES MUG
37333,"RETRO ""TEA FOR ONE"" "
37343,POLKADOT MUG PINK 
37413,ICON MUG REVOLUTIONARY
37444A,YELLOW BREAKFAST CUP AND SAUCER
37444C,PINK BREAKFAST CUP AND SAUCER 
37447,CERAMIC CAKE DESIGN SPOTTED PLATE
37462E,"PET MUG, GOLDFISH"
37467,PIG MUG IN TWO COLOUR DESIGNS
37468,HARDMAN MUG 3 ASSORTED
37475,SET/4 COLOURFUL MIXING BOWLS
37476,CONDIMENT TRAY 4 BOWLS AND 4 SPOONS
37479B,CUBIC MUG FLOCK BLUE ON BROWN
37479P,CUBIC MUG FLOCK PINK ON BROWN
37482P,CUBIC MUG PINK POLKADOT
37489A,YELLOW/PINK FLOWER DESIGN BIG MUG
37489B,BLUE/YELLOW FLOWER DESIGN BIG MUG
37489C,GREEN/BLUE FLOWER DESIGN BIG MUG
37489D,PINK/GREEN FLOWER DESIGN BIG MUG
37495,FAIRY CAKE BIRTHDAY CANDLE SET
37501,TEA TIME TEA SET IN GIFT BOX
40001,WHITE BAMBOO RIBS LAMPSHADE
40003,WHITE BAMBOO RIBS LAMPSHADE
40016,CHINESE DRAGON PAPER LANTERNS
40046A,RED DAISY PAPER LAMPSHADE
44089C,LILAC GAUZE BUTTERFLY LAMPSHADE
44092B,BLUE WHITE PLASTIC RINGS LAMPSHADE
44092C,PURPLE/COPPER HANGING LAMPSHADE
44234,ASSORTED CIRCULAR MOBILE
44235,ASSORTED COLOURED CIRCLE MOBILE 
44236,PINK/PURPLE CIRCLE CURTAIN
46000P,POLYESTER FILLER PAD 65CMx65CM
46000R,POLYESTER FILLER PAD 45x30cm
46000U,POLYESTER FILLER PAD 30CMx30CM
46118,FUNKY MONKEY CUSHION COVER
46126A,ELVIS WALLHANGING / CURTAIN
46138B,BLUE CHENILLE SHAGGY CUSHION COVER 
46775D,SUNSET COLOUR CHUNKY KNITTED THROW
46776A,WOVEN BUBBLE GUM CUSHION COVER
46776B,WOVEN BERRIES CUSHION COVER 
46776C,WOVEN FROST CUSHION COVER
46776D,WOVEN SUNSET CUSHION COVER 
46776E,WOVEN CANDY CUSHION COVER 
46776F,WOVEN ROSE GARDEN CUSHION COVER 
47013C,WINE BOTTLE DRESSING DARK BLUE
47021G,SET/6 BEAD COASTERS GAUZE BAG GOLD
47341B,BLUE TABLE RUN FLOWER
47343A,FUSCHIA FLOWER PURSE WITH BEADS
47344B,BLUE FLOWER DES PURSE
47348A,FUSCHIA VOILE POINTY SHOE DEC
47351B,BLUE  VOILE LAMPSHADE
47367B,PAIR PADDED HANGERS PINK CHECK
47369A,PINK GREEN EMBROIDERY COSMETIC BAG
47369B,BLUE GREEN EMBROIDERY COSMETIC BAG
47420,ASSORTED COLOUR SUCTION CUP HOOK
47421,ASSORTED COLOUR LIZARD SUCTION HOOK
47422,ASSORTED MONKEY SUCTION CUP HOOK
47469,ASSORTED SHAPES PHOTO CLIP SILVER 
47471,RAINBOW PEGS PHOTO CLIP STRING
47480,HANGING PHOTO CLIP ROPE LADDER
47481,50CM METAL STRING WITH  7 CLIPS
47503H,ASS FLORAL PRINT SPIRIT LEVEL 
47518F,ICON PLACEMAT POP ART ELVIS
47518f,ICON PLACEMAT POP ART ELVIS
47570B,TEA TIME TABLE CLOTH
47578A,ENGLISH ROSE SMALL SCENTED FLOWER
47585A,PINK FAIRY CAKE CUSHION COVER
47586A,PINK FAIRY CAKE CUSHION COVER
47591B,SCOTTIES CHILDRENS APRON
47593A,CAROUSEL PONIES BABY BIB
47594A,CAROUSEL DESIGN WASHBAG
47594B,SCOTTIES DESIGN WASHBAG
48189,DOORMAT FRIENDSHIP 
51008,AFGHAN SLIPPER SOCK PAIR
51020A,SUMMER FUN DESIGN SHOWER CAP
51020B,STRIPY DESIGN SHOWER CAP
62018,SOMBRERO 
62043B,BLUE CHECK BAG W HANDLE 34X20CM
62086A,PINK RETRO BIG FLOWER BAG
62094B,TURQ ICE CREAM BUM BAG 
62096A,PINK/YELLOW FLOWERS HANDBAG
71038,WHITE HANGING BEADS CANDLE HOLDER
71050,SMALL SINGLE FLAME CANDLE HOLDER
71053,WHITE MOROCCAN METAL LANTERN
71101E,STANDING FAIRY POLE SUPPORT 
71143,SILVER BOOK MARK WITH BEADS
71270,PHOTO CLIP LINE
71279,PINK GLASS CANDLEHOLDER
71403,"PINK/WHITE ""KEEP CLEAN"" BULLET BIN"
71406C,BLACK ORANGE SQUEEZER
71459,HANGING JAM JAR T-LIGHT HOLDERS
71477,COLOURED GLASS STAR T-LIGHT HOLDER
71495A,CD WALL TIDY BLUE OFFICE
71495B,CD WALL TIDY RED FLOWERS
71496A,A4 WALL TIDY BLUE OFFICE
71510,SQUARE METAL CANDLEHOLDER BASE
72051S,BAG OF SILVER STONES
72122,COFFEE SCENT PILLAR CANDLE
72127,COLUMBIAN CANDLE ROUND 
72128,COLUMBIAN CANDLE ROUND
72130,COLUMBIAN CANDLE ROUND
72131,COLUMBIAN CANDLE RECTANGLE
72132,COLUMBIAN CUBE CANDLE
72133,COLUMBIAN CANDLE RECTANGLE
72134,COLUMBIAN  CUBE CANDLE 
72140E,BEST DAD CANDLE LETTERS
72225C,LAVENDER SCENT CAKE CANDLE
72232,FENG SHUI PILLAR CANDLE
72369A,PINK CLEAR GLASS CANDLE PLATE
72586,SET OF 6 HALLOWEEN GHOST T-LIGHTS
72598,SET/12 TAPER CANDLES
72709,IVORY SCULPTED RND CANDLE 
72780,BLACK SILOUETTE CANDLE PLATE
72799C,PINK PILLAR CANDLE SILVER FLOCK
72799E,IVORY PILLAR CANDLE SILVER FLOCK
72799F,IVORY PILLAR CANDLE GOLD FLOCK
72800B, 4 PURPLE FLOCK DINNER CANDLES
72800C,4 PINK DINNER CANDLE SILVER FLOCK
72800D,4 BLUE DINNER CANDLES SILVER FLOCK
72801C,4 ROSE PINK DINNER CANDLES
72801D,4 SKY BLUE DINNER CANDLES
72801G,4 BURGUNDY WINE DINNER CANDLES
72801c,4 ROSE PINK DINNER CANDLES
72801d,4 SKY BLUE DINNER CANDLES
72802A,ROSE SCENT CANDLE IN JEWELLED BOX
72802B,OCEAN SCENT CANDLE IN JEWELLED BOX
72803A,ROSE SCENT CANDLE JEWELLED DRAWER
72811,SMALL ZINC/GLASS CANDLEHOLDER
72812,LARGE ZINC GLASS CANDLEHOLDER
72816,SET/3 CHRISTMAS DECOUPAGE CANDLES
72818,CHRISTMAS DECOUPAGE CANDLE
72819,CUPID DESIGN SCENTED CANDLES
75011,BLUE DAISY MOBILE
75013B,"STRING OF 8 BUTTERFLIES,PINK"
75131,METAL TUBE CHIME ON BAMBOO
75172,PAINTED SEA SHELL METAL WINDCHIME
75178,ASSTD COL BUTTERFLY/CRYSTAL W/CHIME
77101A,UNION FLAG WINDSOCK
78033,FLAG OF ST GEORGE CHAIR
78034B,BLUE NETTING STORAGE HANGER
78124,MAGAZINE RACK GEBRA ASSORTED 
79026B,"S/4 ICON COASTER,ELVIS LIVES"
79030D,TUMBLER BAROQUE
79030G,TUMBLER NEW ENGLAND
79051A,SMOKEY GREY COLOUR GLASS
79063C,"RETRO PILL BOX KEY CHAIN,THE KING"
79063D,"RETRO PILL BOX , REVOLUTIONARY"
79067,CORONA MEXICAN TRAY
79071B,ENGLISH ROSE METAL WASTE BIN
79144B,PAINTED LIGHTBULB STAR+ MOON
79144C,PAINTED LIGHTBULB RAINBOW DESIGN
79149B,SILICON STAR BULB  BLUE
79160,HEART SHAPE WIRELESS DOORBELL
79163,BLACK CHAMPAGNE GLASS
79164,BLACK WINE GLASS
79190A,RETRO PLASTIC 70'S TRAY
79190B,RETRO PLASTIC POLKA TRAY
79190D,RETRO PLASTIC DAISY TRAY
79191B,RETRO PLASTIC POLKA TRAY
79191C,RETRO PLASTIC ELEPHANT TRAY
79191D,RETRO PLASTIC DAISY TRAY
79302M,"ART LIGHTS,FUNK MONKEY"
79337,BLUE FLOCK GLASS CANDLEHOLDER
79403,FROSTED WHITE BASE 
79406,FROSTED WHITE BASE 
81950B,FLOWER BLUE CLOCK WITH SUCKER
81952B,ROUND BLUE CLOCK WITH SUCKER
81952V,ROUND PURPLE CLOCK WITH SUCKER
81953B,ROUND BLUE CLOCK WITH SUCKER
82001S,SILVER RECORD COVER FRAME
82001s,SILVER RECORD COVER FRAME
82011A,"BATHROOM SCALES, TROPICAL BEACH"
82011B,BATHROOM SCALES RUBBER DUCKS
82011C,BATHROOM SCALES FOOTPRINTS IN SAND
82095,HEART BUTTONS JEWELLERY BOX
82600,N0 SINGING METAL SIGN
82616B,FRAPPUCINO SCARF KNITTING KIT
82616C,MIDNIGHT GLAMOUR SCARF KNITTING KIT
84033,FLAG OF ST GEORGE 
84051,ASS COLOUR GLOWING TIARAS
84086B,YELLOW/BLUE RETRO RADIO
84086C,PINK/PURPLE RETRO RADIO
84192,ASSORTED COLOUR METAL CAT 
84199,GLOW IN DARK DOLPHINS
84218,BOX/12 CHICK & EGG IN BASKET
84226,HEN HOUSE W FAMILY IN BARN & NEST
84228,HEN HOUSE W CHICK STANDING
84231,EASTER BUNNY WITH BASKET ON BACK
84247E,PACK OF 12 CHRISTMAS FUN CARDS
84247G,"DECOUPAGE,GREETING CARD,"
84247K,"FOLK ART GREETING CARD,pack/12"
84247L,FAWN AND MUSHROOM GREETING CARD
84247N,PACK/12 BLUE FOLKART CARDS
84249A,"GREETING CARD,SQUARE, DOUGHNUTS"
84251B,"GREETING CARD, STICKY GORDON"
84251C,"GREETING CARD, TWO SISTERS."
84251G,"GREETING CARD, OVERCROWDED POOL."
84279B,CHERRY BLOSSOM DECORATIVE FLASK
84306,S/3 PINK SQUARE PLANTERS ROSES
84313B,BLUE TV TRAY TABLE 
84313C,ORANGE TV TRAY TABLE 
84341B,SMALL PINK MAGIC CHRISTMAS TREE
84352,SILVER CHRISTMAS TREE BAUBLE STAND 
84356,POMPOM CURTAIN
84358,FLOOR LAMP SHADE WOOD BASE
84360,TABLE LAMP WHITE SHADE WOOD BASE
84388,WISE MAN STAR SHAPE EGG PAN
84422,PINK/BLUE DISC/MIRROR STRING
84429A,MEDIUM PINK BUDDHA HEAD 
84452,METAL RABBIT LADDER EASTER 
84457,SET/3 RABBITS FLOWER SKIPPPING ROPE
84459A,PINK METAL CHICKEN HEART 
84459B,YELLOW METAL CHICKEN HEART 
84461,12 PINK HEN+CHICKS IN BASKET
84462,3 PINK HEN+CHICKS IN BASKET
84465,15 PINK FLUFFY CHICKS IN BOX
84466,TOP SECRET PEN SET
84497,BUTTONS AND STRIPES NOTEBOOK 
84507B,STRIPES DESIGN MONKEY DOLL
84507C,BLUE CIRCLES DESIGN MONKEY DOLL
84508A,CAMOUFLAGE DESIGN TEDDY
84508B,STRIPES DESIGN TEDDY
84508C,BLUE CIRCLES DESIGN TEDDY
84509B,SET OF 4 FAIRY CAKE PLACEMATS
84509C,SET OF 4 POLKADOT PLACEMATS 
84509E,SET OF 4 CAROUSEL PLACEMATS 
84509G,SET OF 4 FAIRY CAKE PLACEMATS 
84509c,SET OF 4 POLKADOT PLACEMATS 
84510C,SET OF 4 POLKADOT COASTERS
84510E,SET OF 4 GREEN CAROUSEL COASTERS
84510c,SET OF 4 POLKADOT COASTERS
84519A,TOMATO CHARLIE+LOLA COASTER SET
84520B,PACK 20 ENGLISH ROSE PAPER NAPKINS
84522,PINK PARTY SUNGLASSES
84527,FLAMES SUNGLASSES PINK LENSES
84531A,PINK KNITTED EGG COSY
84531B,BLUE KNITTED EGG COSY
84534B,FAIRY CAKE NOTEBOOK A5 SIZE
84535A,ENGLISH ROSE NOTEBOOK A6 SIZE
84549,CROCHET WHITE RABBIT KEYRING 
84558A,3D DOG PICTURE PLAYING CARDS
84558a,3D DOG PICTURE PLAYING CARDS
84559B,3D SHEET OF CAT STICKERS
84559b,3D SHEET OF CAT STICKERS
84563A,PINK & WHITE BREAKFAST TRAY
84563B,BLUE & WHITE BREAKFAST TRAY
84569A,PACK 3 IRON ON DOG PATCHES
84569B,PACK 3 FIRE ENGINE/CAR PATCHES
84569D,PACK 6 HEART/ICE-CREAM PATCHES
84575A,PINK DOG CANNISTER
84576,BLUE CAT BISCUIT BARREL PINK HEART
84581,DOG TOY WITH PINK CROCHET SKIRT
84584,PINK GINGHAM CAT WITH SCARF
84592,CROCHET ROSE PURSE WITH SUEDE BACK
84595E,LARGE TORTILLA DESIGN RED BOWL
84596E,SMALL LICORICE DES PINK BOWL
84596J,MIXED NUTS LIGHT GREEN BOWL
84596e,SMALL LICORICE DES PINK BOWL
84597B,RETRO BROWN BALL ASHTRAY 
84597C,RETRO PINK BALL ASHTRAY 
84598,BOYS ALPHABET IRON ON PATCHES
84600,NEW BAROQUE JEWELLERY BOX 
84609,TALL ROCOCO CANDLE HOLDER
84616,SILVER ROCCOCO CHANDELIER
84625A,PINK NEW BAROQUECANDLESTICK CANDLE
84625C,BLUE NEW BAROQUE CANDLESTICK CANDLE
84629,WHITE 3 FRAME BIRDS AND TREE 
84631,FRUIT TREE AND BIRDS WALL PLAQUE
84632,DECORATIVE HANGING SHELVING UNIT
84637,KITCHEN FLOWER POTS WALL PLAQUE
84638,SMALL KITCHEN FLOWER POTS PLAQUE
84658,WHITE STITCHED CUSHION COVER
84659A,WHITE TRAVEL ALARM CLOCK
84660A,WHITE STITCHED WALL CLOCK
84660B,BLACK STITCHED WALL CLOCK
84660C,PINK STITCHED WALL CLOCK
84660c,PINK STITCHED WALL CLOCK
84661A,WHITE SQUARE TABLE CLOCK
84661B,BLACK SQUARE TABLE CLOCK
84661C,PINK SQUARE TABLE CLOCK
84663A,GRASS HOPPER WOODEN WALL CLOCK 
84665,SQUARE CHERRY BLOSSOM CABINET
84673A,PINK FLY SWAT
84673B,BLUE FLY SWAT
84674,FLYING PIG WATERING CAN
84678,CLASSICAL ROSE SMALL VASE
84683,CLASSICAL ROSE CANDLESTAND
84685,BEACH HUT KEY CABINET
84686,BEACH HUT MIRROR
84687,BEACH HUT SHELF W 3 DRAWERS
84688,BEACH HUT DESIGN BLACKBOARD
84706F,RED PEONY TABLE CLOCK
84707A,SILVER JEWELLED MIRROR TRINKET TRAY
84707B,PINK JEWELLED MIRROR TRINKET TRAY
84708B,PINK JEWELLED PHOTO FRAME 
84709B,PINK OVAL JEWELLED MIRROR
84711A,SILVER OVAL SHAPE TRINKET BOX
84711B,PINK OVAL SHAPE TRINKET BOX
84712B,PINK JEWELLED PHOTO FRAME
84723,CHERRY BLOSSOM CANVAS ART PICTURE
84725,FREESTYLE CANVAS ART PICTURE
84741C,CITRUS GARLAND FELT FLOWERS 
84744,S/6 SEW ON CROCHET FLOWERS
84745A,PINK HANGING GINGHAM EASTER HEN
84745B,BLUE HANGING GINGHAM EASTER HEN
84746,PINK EASTER HENS+FLOWER
84748,FOLK FELT HANGING MULTICOL GARLAND
84750B,BLACK SMALL GLASS CAKE STAND
84751B,BLACK MEDIUM GLASS CAKE STAND
84754,S/15 SILVER GLASS BAUBLES IN BAG
84760S,SMALL HANGING GLASS+ZINC LANTERN
84763,ZINC FINISH 15CM PLANTER POTS
84766,SILVER ROCOCO CANDLE STICK
84789,ENCHANTED BIRD PLANT CAGE
84795B,SUNSET CHECK HAMMOCK
84795b,SUNSET CHECK HAMMOCK
84796A,PINK HAWAIIAN PICNIC HAMPER FOR 2
84796a,PINK HAWAIIAN PICNIC HAMPER FOR 2
84798A,PINK FOXGLOVE ARTIIFCIAL FLOWER
84799,SPRIG LAVENDER ARTIFICIAL FLOWER
84800L,LARGE WHITE/PINK ROSE ART FLOWER
84800M,MEDIUM WHITE/PINK ROSE ART FLOWER
84800S,SMALL WHITE/PINK ROSE ART FLOWER
84801A,PINK HYDRANGEA ART FLOWER
84804A,CREAM DELPHINIUM ARTIFICIAL FLOWER
84804B,BLUE DELPHINIUM ARTIFICIAL FLOWER
84806A,PINK CANDYSTUFT ARTIFICIAL FLOWER
84806B,WHITE CANDYSTUFT ARTIFICIAL FLOWER
84809A,WHITE CHRYSANTHEMUMS ART FLOWER
84813,SET OF 4 DIAMOND NAPKIN RINGS
84816,DANISH ROSE BEDSIDE CABINET
84817,DANISH ROSE DECORATIVE PLATE
84818,DANISH ROSE PHOTO FRAME
84819,DANISH ROSE ROUND SEWING BOX
84820,DANISH ROSE TRINKET TRAYS
84821,DANISH ROSE DELUXE COASTER
84823,DANISH ROSE FOLDING CHAIR
84826,ASSTD DESIGN 3D PAPER STICKERS
84827,ASS DES PHONE SPONGE CRAFT STICKER
84828,JUNGLE POPSICLES ICE LOLLY HOLDERS
84840,SWEETHEART CARRY-ALL BASKET
84842,HELLO SAILOR BATHROOM SET
84843,WHITE SOAP RACK WITH 2 BOTTLES
84846A,SCENTED CANDLE IN DIGITALIS TIN
84847,FLORAL BATHROOM SET
84849A,HELLO SAILOR BLUE SOAP HOLDER
84849B,FAIRY SOAP SOAP HOLDER
84857C,PINK MONTE CARLO HANDBAG
84858C,PINK RIVIERA HANDBAG
84859A,SILVER DISCO HANDBAG
84859B,BLUE DISCO HANDBAG
84859C,PINK DISCO HANDBAG
84865,NEW BAROQUE BLACK PHOTO ALBUM
84870B,BLUE GEISHA GIRL 
84870C,GREEN GEISHA GIRL 
84872A,TEATIME FUNKY FLOWER BACKPACK FOR 2
84872a,TEATIME FUNKY FLOWER BACKPACK FOR 2
84874B,BLUE TRAVEL FIRST AID KIT
84875B,GREEN SQUARE COMPACT MIRROR
84875D,BLUE SQUARE COMPACT MIRROR
84876B,GREEN HEART COMPACT MIRROR
84876D,BLUE HEART COMPACT MIRROR
84877B,GREEN ROUND COMPACT MIRROR
84877D,BLUE ROUND COMPACT MIRROR
84880,WHITE WIRE EGG HOLDER
84881,BLUE WIRE SPIRAL CANDLE HOLDER
84882,GREEN WIRE STANDING CANDLE HOLDER
84898F,YELLOW FLOWERS FELT HANDBAG KIT
84905,PINK BUTTERFLY CUSHION COVER 
84906,PINK B'FLY C/COVER W BOBBLES
84907,PINK YELLOW PATCH CUSHION COVER
84910A,PINK PAISLEY CUSHION COVER 
84912A,PINK ROSE WASHBAG
84913B,MINT GREEN ROSE TOWEL
84915,HAND TOWEL PINK FLOWER AND DAISY
84916,HAND TOWEL PALE BLUE W FLOWERS
84917,WHITE HAND TOWEL WITH BUTTERFLY
84919,BLUE CUSHION COVER WITH FLOWER
84920,PINK FLOWER FABRIC PONY
84921,CREAM AND PINK FLOWERS PONY 
84922,PINK BUTTERFLY WASHBAG
84923,PINK BUTTERFLY HANDBAG W BOBBLES
84924A,WAKE UP COCKEREL CALENDAR SIGN 
84925D,LA PALMIERA WALL THERMOMETER
84925F,PSYCHEDELIC WALL THERMOMETER
84926A,WAKE UP COCKEREL TILE COASTER
84926D,LA PALMIERA TILE COASTER
84926E,FLOWERS TILE COASTER
84926F,PSYCHEDELIC TILE COASTER
84927A,WAKE UP COCKEREL TILE HOOK
84927D,LA PALMIERA TILE HOOK
84927E,FLOWERS TILE HOOK
84927F,PSYCHEDELIC TILE HOOK
84929,ASSTD FRUIT+FLOWERS FRIDGE MAGNETS
84931A,PINK SCOTTIE DOG W FLOWER PATTERN
84931B,BLUE SCOTTIE DOG W FLOWER PATTERN
84944,SET OF 6 KASHMIR FOLKART BAUBLES
84951A,SET OF 4 PISTACHIO LOVEBIRD COASTER
84951B,SET OF 4 BLACK LOVEBIRD COASTERS
84952A,CLEAR LOVE BIRD T-LIGHT HOLDER
84952B,BLACK LOVE BIRD T-LIGHT HOLDER
84952C,MIRROR LOVE BIRD T-LIGHT HOLDER
84968A,SET OF 16 VINTAGE ROSE CUTLERY
84968C,SET OF 16 VINTAGE PISTACHIO CUTLERY
84968D,SET OF 16 VINTAGE RED CUTLERY
84968E,SET OF 16 VINTAGE BLACK CUTLERY
84968F,SET OF 16 VINTAGE SKY BLUE CUTLERY
84968e,SET OF 16 VINTAGE BLACK CUTLERY
84974,S/2 ZINC HEART DESIGN PLANTERS
84976,RECTANGULAR SHAPED MIRROR
84984A,GREEN PEONY CUSHION COVER
84984B,RED PEONY CUSHION COVER 
84985A,SET OF 72 GREEN PAPER DOILIES
84989A,75 GREEN FAIRY CAKE CASES
84989a,75 GREEN FAIRY CAKE CASES
84993A,75 GREEN PETIT FOUR CASES
84993B,75 BLACK PETIT FOUR CASES
84993a,75 GREEN PETIT FOUR CASES
84997A,GREEN 3 PIECE POLKADOT CUTLERY SET
84997C,BLUE 3 PIECE POLKADOT CUTLERY SET
84997a,GREEN 3 PIECE POLKADOT CUTLERY SET
84997c,BLUE 3 PIECE POLKADOT CUTLERY SET
85006,SET 4 NURSERY DES ROUND BOXES
85008,SET OF 3 CONEY ISLAND OVAL BOXES
85016,SET OF 6 VINTAGE NOTELETS KIT
85017A,ENVELOPE 50 ROMANTIC IMAGES
85017C,ENVELOPE 50 CURIOUS IMAGES
85018D,YULETIDE IMAGES S/6 PAPER BOXES
85019A,ROMANTIC IMAGES NOTEBOOK SET
85019B,BLOSSOM  IMAGES NOTEBOOK SET
85019C,CURIOUS  IMAGES NOTEBOOK SET
85020,ROUND PINK HEART MIRROR
85023B,EAU DE NILE JEWELLED PHOTOFRAME
85024B,EAU DE NILE JEWELLED PHOTOFRAME
85024C,PINK SMALL JEWELLED PHOTOFRAME
85025B,EAU DE NILE HEART SHAPE PHOTO FRAME
85025C,PINK HEART SHAPE PHOTO FRAME
85026B,EAU DE NILE JEWELLED T-LIGHT HOLDER
85027L,FRENCH CHATEAU LARGE PLATTER 
85028S,FRENCH CHATEAU SMALL FRUITBOWL
85030,FRENCH CHATEAU OVAL PLATTER
85031A,ROMANTIC IMAGES SCRAP BOOK SET
85032D,YULETIDE IMAGES GIFT WRAP SET
85034A,3 GARDENIA MORRIS BOXED CANDLES
85035A,GARDENIA 3 WICK MORRIS BOXED CANDLE
85035B,CHOCOLATE 3 WICK MORRIS BOX CANDLE
85036A,GARDENIA 1 WICK MORRIS BOXED CANDLE
85036B,CHOCOLATE 1 WICK MORRIS BOX CANDLE
85036C,ROSE 1 WICK MORRIS BOXED CANDLE
85039C,S/4 BLACK MINI ROSE CANDLE IN BOWL
85040B,SET/4 BLUE FLOWER CANDLES IN BOWL
85045,GREEN CHRISTMAS TREE STRING 20LIGHT
85049B,LUSH GREENS RIBBONS
85049D,BRIGHT BLUES RIBBONS 
85049F,BABY BOOM RIBBONS 
85055,FRENCH ENAMEL UTENSIL HOLDER
85064,CREAM SWEETHEART LETTER RACK
85067,CREAM SWEETHEART WALL CABINET
85071D,CHARLIE+LOLA MY ROOM DOOR SIGN
85084,HOLLY TOP CHRISTMAS STOCKING
85086A,CANDY SPOT HEART DECORATION
85088,CANDY SPOT HAND BAG
85089,CANDY SPOT BUNNY
85093,CANDY SPOT EGG WARMER HARE
85094,CANDY SPOT EGG WARMER RABBIT
85095,THREE CANVAS LUGGAGE TAGS
85096,HILDA CANDY SPOT RABBIT
85103,SILVER T-LIGHT SETTING
85104,SILVER GLASS T-LIGHT SET
85106,CUT GLASS HEXAGON T-LIGHT HOLDER
85107,CUT GLASS T-LIGHT HOLDER OCTAGON
85111,SILVER GLITTER FLOWER VOTIVE HOLDER
85114A,BLACK ENCHANTED FOREST PLACEMAT
85114B,IVORY ENCHANTED FOREST PLACEMAT
85114a,BLACK ENCHANTED FOREST PLACEMAT
85114b,IVORY ENCHANTED FOREST PLACEMAT
85116,BLACK CANDELABRA T-LIGHT HOLDER
85118,HEART T-LIGHT HOLDER
85123A,CREAM HANGING HEART T-LIGHT HOLDER
85124B,BLUE JUICY FRUIT PHOTO FRAME
85124C,GREEN JUICY FRUIT PHOTO FRAME
85125,SMALL ROUND CUT GLASS CANDLESTICK
85127,SMALL SQUARE CUT GLASS CANDLESTICK
85129B,BEADED CRYSTAL HEART GREEN SMALL
85129C,BEADED CRYSTAL HEART BLUE SMALL
85129D,BEADED CRYSTAL HEART PINK SMALL
85130A,BEADED PEARL HEART WHITE LARGE
85130B,BEADED CRYSTAL HEART GREEN LARGE
85130C,BEADED CRYSTAL HEART BLUE  LARGE
85130D,BEADED CRYSTAL HEART PINK LARGE
85131C,BEADED CRYSTAL HEART BLUE ON STICK
85132B,CHARLIE AND LOLA TABLE TINS
85132b,CHARLIE AND LOLA TABLE TINS
85135A,YELLOW DRAGONFLY HELICOPTER
85135B,BLUE DRAGONFLY HELICOPTER
85135C,RED DRAGONFLY HELICOPTER
85136A,YELLOW SHARK HELICOPTER
85136C,RED SHARK HELICOPTER
85141,JARDIN ETCHED GLASS FRUITBOWL
85144,JARDIN ETCHED GLASS CHEESE DISH
85145,JARDIN ETCHED GLASS LARGE BELL JAR
85146,JARDIN ETCHED GLASS SMALL BELL JAR
85159A,"BLACK TEA,COFFEE,SUGAR JARS"
85159B,"WHITE TEA,COFFEE,SUGAR JARS"
85160B,BLACK BIRD GARDEN DESIGN MUG
85161,ACRYLIC GEOMETRIC LAMP
85163A,WHITE BAROQUE WALL CLOCK 
85163B,BLACK BAROQUE WALL CLOCK 
85167B,BLACK GRAND BAROQUE PHOTO FRAME
85168B,BLACK BAROQUE CARRIAGE CLOCK
85169A,IVORY LOVE BIRD CANDLE
85169B,BLACK LOVE BIRD CANDLE
85169C,EAU DE NIL LOVE BIRD CANDLE
85169D,PINK LOVE BIRD CANDLE
85170B,SET/6 BLACK BIRD T-LIGHT CANDLES
85170C,SET/6 EAU DE NIL BIRD T-LIGHTS
85170D,SET/6 PINK BIRD T-LIGHT CANDLES
85172,HYACINTH BULB T-LIGHT CANDLES
85173,SET/6 FROG PRINCE T-LIGHT CANDLES
85177,BASKET OF FLOWERS SEWING KIT
85179A,GREEN BITTY LIGHT CHAIN
85179C,PINK BITTY LIGHT CHAIN
85180A,RED HEARTS LIGHT CHAIN 
85180B,PINK HEARTS LIGHT CHAIN 
85183A,CHARLIE & LOLA WASTEPAPER BIN BLUE
85184C,SET 4 VALENTINE DECOUPAGE HEART BOX
85185B,PINK HORSE SOCK PUPPET KIT
85185D,FROG SOCK PUPPET
85186A,EASTER BUNNY GARLAND OF FLOWERS
85186C,BUNNY EGG GARLAND
85187,S/12 MINI RABBIT EASTER
85188A,GREEN METAL SWINGING BUNNY
85188B,PINK METAL SWINGING BUNNY
85194L,HANGING SPRING FLOWER EGG LARGE
85194S,HANGING SPRING FLOWER EGG SMALL
85197,SET OF 12 MINI BUNNIES IN A BUCKET
85198,ASSORTED FARMYARD ANIMALS IN BUCKET
85199L,LARGE HANGING IVORY & RED WOOD BIRD
85200,BUNNY EGG BOX
85205B,PINK FELT EASTER RABBIT GARLAND
85208,SET/12 FUNKY FELT FLOWER PEG IN BAG
85211,S/4 GROOVY CAT MAGNETS
85212,MINI PAINTED GARDEN DECORATION 
85213,MINI  ZINC GARDEN DECORATIONS 
85214,TUB 24 PINK FLOWER PEGS
85215,ASSORTED CHEESE FRIDGE MAGNETS
85216,ASSORTED CAKES FRIDGE MAGNETS
85230A,OPIUM SCENTED VOTIVE CANDLE
85230B,CINNAMON SCENTED VOTIVE CANDLE
85230E,STRAWBRY SCENTED VOTIVE CANDLE
85230F,JASMINE VOTIVE CANDLE
85230G,ORANGE VOTIVE CANDLE
85231G,ORANGE SCENTED SET/9 T-LIGHTS
85231g,ORANGE SCENTED SET/9 T-LIGHTS
85232A,SET/3 POLKADOT STACKING TINS
85232B,SET OF 3 BABUSHKA STACKING TINS
85232D,SET/3 DECOUPAGE STACKING TINS
90000A,RASPBERRY ANT COPPER FLOWER NECKLAC
90000B,MIDNIGHT BLUE COPPER FLOWER NECKLAC
90000D,COPPER/OLIVE GREEN FLOWER NECKLACE
90001C,ANTIQUE OPAL WHITE FLOWER EARRINGS
90002D,FLOWER BURST SILVER RING CRYSTAL
90003B,ROSE COLOUR PAIR HEART HAIR SLIDES
90003C,MIDNIGHT BLUE PAIR HEART HAIR SLIDE
90003D,CRYSTAL PAIR HEART HAIR SLIDES
90003E,GREEN PAIR HEART HAIR SLIDES
90005A,JADE GREEN ENAMEL HAIR COMB
90010A,MIDNIGHT BLUE GLASS/SILVER BRACELET
90010B,BLACK/WHITE GLASS/SILVER BRACELET
90010E,AMBER GLASS/SILVER BRACELET
90011A,MIDNIGHT BLUE CRYSTAL DROP EARRINGS
90011B,BLACK CRYSTAL DROP EARRINGS
90012A,MIDNIGHT BLUE DROP CRYSTAL NECKLACE
90013A,MIDNIGHT BLUE VINTAGE EARRINGS
90013B,BLACK VINTAGE EARRINGS
90013C,GREEN VINTAGE EARRINGS 
90014A,SILVER M.O.P. ORBIT NECKLACE
90014B,GOLD M PEARL  ORBIT NECKLACE
90016A,SILVER/M.O.P PENDANT ORBIT NECKLACE
90016B,GOLD/M.O.P PENDANT ORBIT NECKLACE
90018A,SILVER M.O.P ORBIT DROP EARRINGS
90018B,GOLD M.O.P ORBIT DROP EARRINGS
90018C,SILVER BLACK ORBIT DROP EARRINGS
90019A,SILVER M.O.P ORBIT BRACELET
90019B,GOLD M.O.P ORBIT BRACELET
90019C,SILVER BLACK ORBIT BRACELET
90022,EDWARDIAN DROP EARRINGS JET BLACK
90023,FILIGREE DIAMANTE EARRINGS
90027C,GLASS BEAD HOOP EARRINGS GREEN
90027D,GLASS BEAD HOOP EARRINGS AMETHYST
90028,NEW BAROQUE LARGE NECKLACE BLK/WHIT
90030B,RED KUKUI COCONUT SEED NECKLACE
90030C,BROWN KUKUI COCONUT SEED NECKLACE
90032,IVORY SHELL HEART NECKLACE
90033,IVORY SHELL HEART EARRINGS
90036C,"FLOWER GLASS GARLAND NECKL.36""BLUE"
90036D,"FLOWER GLASS GARLAND NECKL.36""BLACK"
90036E,"FLOWER GLASS GARLD NECKL36""AMETHYST"
90036F,"FLOWER GLASS GARLD NECKL36""TURQUOIS"
90037C,TINY CRYSTAL BRACELET BLUE
90038A,GLASS AND PAINTED BEADS BRACELET TO
90038B,GLASS AND PAINTED BEADS BRACELET OL
90039B,FIRE POLISHED GLASS BRACELET MONTAN
90039C,FIRE POLISHED GLASS BRACELET BLACK
90039D,FIRE POLISHED GLASS BRACELET GREEN
90040A,MURANO STYLE GLASS BRACELET RED
90040B,MURANO STYLE GLASS BRACELET BLACK
90040C,MURANO STYLE GLASS BRACELET GOLD
90042C,FRESHWATER PEARL BRACELET IVORY
90050,CRACKED GLAZE NECKLACE IVORY
90051,CRACKED GLAZE NECKLACE RED
90054,CRACKED GLAZE EARRINGS RED
90055,CRACKED GLAZE EARRINGS BROWN
90057,DIAMANTE RING ASSORTED IN BOX.
90058A,CRYSTAL STUD EARRINGS CLEAR DISPLAY
90058B,CRYSTAL STUD EARRINGS ASSORTED COL 
90059A,DIAMANTE HAIR GRIP PACK/2 CRYSTAL
90059B,DIAMANTE HAIR GRIP PACK/2 BLACK DIA
90059C,DIAMANTE HAIR GRIP PACK/2 MONTANA
90059D,DIAMANTE HAIR GRIP PACK/2 PERIDOT
90059E,DIAMANTE HAIR GRIP PACK/2 RUBY
90059F,DIAMANTE HAIR GRIP PACK/2 LT ROSE
90060F,FIRE POLISHED GLASS NECKL GREEN
90062,CARNIVAL BRACELET
90063A,WHITE VINT ART DECO CRYSTAL NECKLAC
90063B,BLACK VINT ART DEC CRYSTAL NECKLACE
90064A,WHITE VINTAGE CRYSTAL EARRINGS
90064B,BLACK VINTAGE  CRYSTAL EARRINGS
90065A,WHITE VINTAGE CRYSTAL BRACELET
90067A,PINK VINTAGE VICTORIAN EARRINGS
90070,RUBY GLASS CLUSTER BRACELET
90071,RUBY GLASS CLUSTER EARRINGS
90072,RUBY DROP CHANDELIER EARRINGS
90073,VINTAGE ENAMEL & CRYSTAL EARRINGS
90081A,LILY BROOCH AMETHYST COLOUR
90081C,LILY BROOCH OLIVE COLOUR
90082A,DIAMANTE BOW BROOCH GREEN COLOUR
90082B,DIAMANTE BOW BROOCH RED COLOUR
90082D,DIAMANTE BOW BROOCH BLACK COLOUR
90083,CRYSTAL CZECH CROSS PHONE CHARM
90085,CRYSTAL STILETTO PHONE CHARM
90086,CRYSTAL FROG PHONE CHARM
90087,CRYSTAL SEA HORSE PHONE CHARM
90089,PINK CRYSTAL SKULL PHONE CHARM
90093,CLEAR CRYSTAL STAR PHONE CHARM
90094,NECKLACE+BRACELET SET FRUIT SALAD 
90096,NECKLACE+BRACELET SET BLUE BLOSSOM
90098,NECKLACE+BRACELET PINK BUTTERFLY
90099,NECKLACE+BRACELET SET BLUE HIBISCUS
90101,WHITE FRANGIPANI NECKLACE
90103,PURPLE FRANGIPANI NECKLACE
90104,PURPLE FRANGIPANI HAIRCLIP
90108,BLUE BLOSSOM HAIR CLIP
90114,SUMMER DAISIES BAG CHARM
90115,SUMMER BUTTERFLIES BAG CHARM
90116,FRUIT SALAD BAG CHARM
90118,PINK DAISY BAG CHARM
90119,METALIC LEAVES BAG CHARMS
90120B,BLUE MURANO TWIST BRACELET
90120C,GREEN MURANO TWIST BRACELET
90120D,WHITE MURANO TWIST BRACELET
90122A,PINK CRYSTAL+GLASS BRACELET
90122B,JADE CRYSTAL+GLASS BRACELET
90122C,TURQUOISE CRYSTAL+GLASS BRACELET
90123A,PINK HEART OF GLASS BRACELET
90123B,TURQUOISE HEART OF GLASS BRACELET
90123C,GREEN HEART OF GLASS BRACELET
90123D,WHITE HEART OF GLASS BRACELET
90124A,PINK MURANO TWIST NECKLACE
90124B,BLUE MURANO TWIST NECKLACE
90124C,GREEN MURANO TWIST NECKLACE
90125A,PINK BERTIE GLASS BEAD BAG CHARM
90125B,AQUA BERTIE GLASS BEAD BAG CHARM
90125C,TURQUOISE BERTIE GLASS BEAD CHARM
90125D,PURPLE BERTIE GLASS BEAD BAG CHARM
90125E,AMBER BERTIE GLASS BEAD BAG CHARM
90129A,PINK GLASS TASSLE BAG CHARM 
90129B,TURQUOISE GLASS TASSLE BAG CHARM 
90129C,GREEN GLASS TASSLE BAG CHARM
90129D,AMBER GLASS TASSLE BAG CHARM
90129E,PURPLE GLASS TASSLE BAG CHARM
90129F,RED GLASS TASSLE BAG CHARM
90130A,WHITE STONE/CRYSTAL EARRINGS
90130B,TURQ STONE/CRYSTAL EARRINGS
90130C,GREEN STONE/CRYSTAL EARRINGS
90133,TEAL/FUSCHIA COL BEAD NECKLACE
90134,OLD ROSE COMBO BEAD NECKLACE
90138,WHITE/PINK MINI CRYSTALS NECKLACE
90141A,GREEN PENDANT TRIPLE SHELL NECKLACE
90141C,TURQ PENDANT TRIPLE SHELL NECKLACE
90143,SILVER BRACELET W PASTEL FLOWER
90144,SILVER DROP EARRINGS WITH FLOWER
90145,SILVER HOOP EARRINGS WITH FLOWER
90146,FINE SILVER NECKLACE W PASTEL FLOWE
90147,CHUNKY SILVER NECKLACE PASTEL FLOWE
90148,LONG SILVER NECKLACE PASTEL FLOWER
90152A,SILVER/NAT SHELL NECKLACE W PENDANT
90154,LAZER CUT NECKLACE W PASTEL BEADS
90155,RESIN NECKLACE W PASTEL BEADS
90157,RIVIERA NECKLACE
90158,ST TROPEZ NECKLACE
90159,COTE D'AZURE NECKLACE
90160A,PURPLE BOUDICCA LARGE BRACELET
90160B,RED BOUDICCA LARGE BRACELET
90160C,TURQ+RED BOUDICCA LARGE BRACELET
90160D,PINK BOUDICCA LARGE BRACELET
90161A,ANT COPPER RED BOUDICCA BRACELET
90161B,ANT COPPER TURQ BOUDICCA BRACELET
90161C,ANT COPPER LIME BOUDICCA BRACELET
90161D,ANT COPPER PINK BOUDICCA BRACELET
90162B,ANT SILVER LIME GREEN BOUDICCA RING
90162C,ANT SILVER FUSCHIA BOUDICCA RING
90162D,ANT SILVER PURPLE BOUDICCA RING
90163A,PINK ROSEBUD & PEARL NECKLACE
90163B,WHITE ROSEBUD & PEARL NECKLACE
90164A,PINK ROSEBUD PEARL BRACELET
90164B,WHITE  ROSEBUD PEARL BRACELET
90165A,PINK ROSEBUD PEARL EARRINGS
90165B,WHITE ROSEBUD  PEARL EARRINGS
90166,PINK & WHITE ROSEBUD RING
90168,2 DAISIES HAIR COMB
90169,DAISY HAIR COMB
90170,DAISY HAIR BAND
90173,PAIR BUTTERFLY HAIR CLIPS
90174,BUTTERFLY HAIR BAND
90175A,WHITE GLASS CHUNKY CHARM BRACELET
90175B,PINK GLASS CHUNKY CHARM BRACELET
90175C,BLUE GLASS CHUNKY CHARM BRACELET
90175D,TIGRIS EYE CHUNKY CHARM BRACELET
90176D,DIAMANTE NECKLACE PURPLE
90177A,CLASSIC DIAMANTE EARRINGS JET
90177B,DROP DIAMANTE EARRINGS BLACK DIAMON
90177C,DROP DIAMANTE EARRINGS CRYSTAL
90177D,DROP DIAMANTE EARRINGS PURPLE
90177E,DROP DIAMANTE EARRINGS GREEN
90178A,AMBER CHUNKY GLASS+BEAD NECKLACE
90179A,AMBER FINE BEAD NECKLACE W TASSEL
90179C,BLACK FINE BEAD NECKLACE W TASSEL
90180A,BLACK+WHITE NECKLACE W TASSEL
90180B,PURPLE AMETHYST NECKLACE W TASSEL
90181A,AMBER GLASS/SHELL/PEARL NECKLACE
90181B,AMETHYST GLASS/SHELL/PEARL NECKLACE
90182A,AMBER 3 BEAD DROP EARRINGS
90182B,AMETHYST 3 BEAD DROP EARRINGS
90182C,BLACK 3 BEAD DROP EARRINGS
90183A,AMBER DROP EARRINGS W LONG BEADS
90183B,AMETHYST DROP EARRINGS W LONG BEADS
90183C,BLACK DROP EARRINGS W LONG BEADS
90184A,AMBER CHUNKY BEAD BRACELET W STRAP
90184B,AMETHYST CHUNKY BEAD BRACELET W STR
90184C,BLACK CHUNKY BEAD BRACELET W STRAP
90185A,AMBER DIAMANTE EXPANDABLE RING
90185B,AMETHYST DIAMANTE EXPANDABLE RING
90185C,BLACK DIAMANTE EXPANDABLE RING
90185D,CRYSTAL DIAMANTE EXPANDABLE RING
90186A,AMETHYST HOOP EARRING FLORAL LEAF
90186B,CRYSTAL HOOP EARRING FLORAL LEAF
90187B,GREEN DROP EARRINGS W BEAD CLUSTER
90188,DROP EARRINGS W FLOWER & LEAF
90190A,SILVER/CRYSTAL DROP EARRINGS W LEAF
90190B,GOLD/AMBER DROP EARRINGS W LEAF
90190C,SILVER/AMETHYST DROP EARRINGS LEAF
90191,SILVER LARIAT 40CM
90192,JADE DROP EARRINGS W FILIGREE
90194,SILVER LARIAT BLACK STONE EARRINGS
90195A,PURPLE GEMSTONE BRACELET
90196A,PURPLE GEMSTONE NECKLACE 45CM
90196B,BLACK GEMSTONE NECKLACE 45CM
90197B,BLACK GLASS BRACELET W HEART CHARMS
90198A,VINTAGE ROSE BEAD BRACELET RASPBERR
90198B,VINTAGE ROSE BEAD BRACELET BLACK
90199A,5 STRAND GLASS NECKLACE BLACK
90199B,5 STRAND GLASS NECKLACE AMETHYST
90199C,5 STRAND GLASS NECKLACE CRYSTAL
90199D,5 STRAND GLASS NECKLACE AMBER
90200A,PURPLE SWEETHEART BRACELET
90200B,BLACK SWEETHEART BRACELET
90200C,BLUE SWEETHEART BRACELET
90200D,PINK SWEETHEART BRACELET
90200E,GREEN SWEETHEART BRACELET
90201A,PURPLE ENAMEL FLOWER RING
90201B,BLACK ENAMEL FLOWER RING
90201C,RED ENAMEL FLOWER RING
90201D,GREEN ENAMEL FLOWER RING
90202A,PURPLE ENAMEL FLOWER HAIR TIE
90202B,WHITE ENAMEL FLOWER HAIR TIE
90202C,GREEN ENAMEL FLOWER HAIR TIE
90202D,PINK ENAMEL FLOWER HAIR TIE
90204,PAIR OF ENAMEL BUTTERFLY HAIRCLIP
90205A,LARGE MINT DIAMANTE HAIRSLIDE
90205C,LARGE CRYSTAL DIAMANTE HAIRSLIDE
90206A,GOLD DIAMANTE STAR BROOCH
90206C,CRYSTAL DIAMANTE STAR BROOCH
90208,PAIR OF PINK FLOWER CLUSTER SLIDE
90209B,GREEN ENAMEL+GLASS HAIR COMB
90209C,PINK ENAMEL+GLASS HAIR COMB
90210A,GREY ACRYLIC FACETED BANGLE
90210B,CLEAR ACRYLIC FACETED BANGLE
90210C,RED   ACRYLIC FACETED BANGLE
90210D,PURPLE ACRYLIC FACETED BANGLE
90211A,DIAMOND LAS VEGAS NECKLACE 45CM
90211B,JET BLACK LAS VEGAS NECKLACE 45CM
90212B,JET BLACK LAS VEGAS BRACELET ROUND
90214A,"LETTER ""A"" BLING KEY RING"
90214B,"LETTER ""B"" BLING KEY RING"
90214C,"LETTER ""C"" BLING KEY RING"
90214D,"LETTER ""D"" BLING KEY RING"
90214E,"LETTER ""E"" BLING KEY RING"
90214F,"LETTER ""F"" BLING KEY RING"
90214G,"LETTER ""G"" BLING KEY RING"
90214H,"LETTER ""H"" BLING KEY RING"
90214I,"LETTER ""I"" BLING KEY RING"
90214J,"LETTER ""J"" BLING KEY RING"
90214K,"LETTER ""K"" BLING KEY RING"
90214L,"LETTER ""L"" BLING KEY RING"
90214M,"LETTER ""M"" BLING KEY RING"
90214N,"LETTER ""N"" BLING KEY RING"
90214O,"LETTER ""O"" BLING KEY RING"
90214P,"LETTER ""P"" BLING KEY RING"
90214R,"LETTER ""R"" BLING KEY RING"
90214S,"LETTER ""S"" BLING KEY RING"
90214T,"LETTER ""T"" BLING KEY RING"
90214V,"LETTER ""V"" BLING KEY RING"
90214W,"LETTER ""W"" BLING KEY RING"
90214Y,"LETTER ""Y"" BLING KEY RING"
90214Z,"LETTER ""Z"" BLING KEY RING"
